honey_file_write,honey_file_rename,honey_file_delete,honey_dir_modified,crypto_api_usage,safe_mode_disabled,vss_deletion,registry_persistence,entropy_spike,file_read,file_write,file_rename,file_delete,dir_query,fingerprint_mismatch,invalid_signature,packed_binary,suspicious_strings,label,sha256,filename
0,0,1,1,1,1,1,1,1,21.0,19.0,12.0,9.0,14.0,0.0,1,0,0,1,fec5e7ee408ced97140d1be550eb68c2fde2356b0820853b97ac7bd0d72155a8,fec5e7ee408ced97140d1be550eb68c2fde2356b0820853b97ac7bd0d72155a8
0,0,0,0,0,0,0,0,0,0.9,2.8,0.7,0.3,8.7,1,0,0,1,0,synth_benign_0163,benign_synth_0163.exe
0,1,1,1,1,1,1,1,1,27.1,14.1,12.7,6.6,12.1,1,1,0,2,1,synth_ransom_0153,ransom_synth_0153.exe
1,1,1,1,1,1,1,0,0,17.1,16.1,16.0,11.7,21.7,1,1,0,1,1,synth_ransom_0063,ransom_synth_0063.exe
0,1,1,0,1,1,1,0,1,25.0,17.8,16.1,7.9,21.1,1,0,0,2,1,synth_ransom_0020,ransom_synth_0020.exe
1,0,0,0,1,0,0,0,0,2.0,1.3,0.2,0.3,1.1,0,0,0,1,0,synth_benign_0129,benign_synth_0129.exe
0,0,0,0,0,0,0,1,0,4.6,2.4,1.3,0.3,4.2,0,0,0,1,0,synth_benign_0058,benign_synth_0058.exe
0,0,0,0,0,0,0,0,0,7.4,1.4,0,0.3,0.7,0,0,0,1,0,synth_benign_0115,benign_synth_0115.exe
1,0,0,1,1,1,0,1,1,29.2,22.2,17.7,9.0,10.0,1,1,1,2,1,synth_ransom_0198,ransom_synth_0198.exe
1,1,0,1,1,1,0,0,1,27.8,19.8,12.2,7.1,3.2,1,1,1,2,1,synth_ransom_0157,ransom_synth_0157.exe
1,1,0,0,1,0,1,0,1,18.9,20.5,11.7,9.4,19.8,0,1,0,5,1,synth_ransom_0110,ransom_synth_0110.exe
1,0,0,0,0,0,0,0,0,7.2,2.6,0.7,1.0,1.1,0,0,0,0,0,synth_benign_0154,benign_synth_0154.exe
0,0,0,0,1,0,0,0,0,11.9,0.3,0.5,0,2.7,0,0,0,1,0,synth_benign_0107,benign_synth_0107.exe
0,0,0,0,1,0,0,0,0,3.8,1.5,0.7,0,3.7,0,0,0,1,0,synth_benign_0093,benign_synth_0093.exe
1,1,1,1,1,1,1,0,1,18.1,19.2,5.5,10.1,16.9,1,1,1,3,1,synth_ransom_0022,ransom_synth_0022.exe
0,0,0,0,0,0,0,0,0,6.7,0.8,0,0.2,4.8,0,0,0,0,0,synth_benign_0069,benign_synth_0069.exe
1,1,1,0,1,1,0,0,1,24.1,20.0,14.6,6.0,18.2,1,1,0,2,1,synth_ransom_0149,ransom_synth_0149.exe
1,1,1,0,1,0,1,1,1,23.3,21.2,13.6,12.6,18.3,1,1,1,2,1,synth_ransom_0190,ransom_synth_0190.exe
1,1,1,0,1,0,0,0,1,20.0,28.5,16.6,6.3,16.8,1,1,1,1,1,synth_ransom_0180,ransom_synth_0180.exe
0,0,0,0,0,0,0,0,0,2.2,2.2,0.4,0.3,3.8,0,0,0,1,0,synth_benign_0166,benign_synth_0166.exe
0,0,0,0,0,0,0,0,0,5.0,1.1,0.7,0.3,0.7,1,0,0,0,0,synth_benign_0152,benign_synth_0152.exe
0,0,0,0,0,0,0,0,0,6.7,0,0.9,0.5,2.5,1,0,1,0,0,synth_benign_0028,benign_synth_0028.exe
0,1,1,1,1,1,0,1,1,21.2,10.3,13.9,2.6,21.0,1,0,1,2,1,synth_ransom_0119,ransom_synth_0119.exe
0,0,0,0,0,0,0,0,0,5.6,2.3,0,0,11.9,0,0,0,0,0,synth_benign_0192,benign_synth_0192.exe
0,0,1,1,1,1,1,0,1,20.6,15.2,20.9,11.6,14.8,0,1,1,4,1,synth_ransom_0168,ransom_synth_0168.exe
0,0,0,0,0,0,0,0,0,3.8,0.3,0.4,0,2.9,0,0,0,0,0,synth_benign_0182,benign_synth_0182.exe
1,1,0,1,1,0,1,0,1,15.8,17.0,13.9,6.3,14.8,1,1,1,1,1,synth_ransom_0034,ransom_synth_0034.exe
0,0,1,1,1,1,1,1,1,16.2,20.1,12.4,9.1,16.0,1,1,1,1,1,synth_ransom_0126,ransom_synth_0126.exe
0,0,0,1,0,0,0,0,0,5.9,1.6,0.4,0.1,3.6,0,0,0,0,0,synth_benign_0170,benign_synth_0170.exe
1,1,1,0,1,1,1,1,0,29.8,22.0,13.3,7.1,12.1,0,1,0,1,1,synth_ransom_0019,ransom_synth_0019.exe
1,1,1,1,1,0,1,0,1,26.3,22.8,8.2,9.1,17.3,1,1,1,5,1,synth_ransom_0003,ransom_synth_0003.exe
1,1,1,1,1,0,0,0,1,30.1,20.0,14.4,8.5,18.6,1,0,1,2,1,synth_ransom_0142,ransom_synth_0142.exe
0,0,0,0,0,0,0,0,0,8.0,1.8,0.2,0.4,4.8,0,0,1,1,0,synth_benign_0094,benign_synth_0094.exe
0,0,0,1,1,0,0,1,0,1.5,1.8,0,0.7,4.0,0,1,0,0,0,synth_benign_0116,benign_synth_0116.exe
1,1,0,1,1,0,1,0,1,31.1,28.3,13.4,6.4,16.2,1,1,1,2,1,synth_ransom_0163,ransom_synth_0163.exe
0,0,0,0,0,0,0,0,0,8.9,0.9,0.4,0.2,4.8,1,0,0,0,0,synth_benign_0014,benign_synth_0014.exe
1,0,1,0,1,1,0,0,1,19.2,24.6,10.8,8.1,11.2,1,1,1,4,1,synth_ransom_0115,ransom_synth_0115.exe
1,1,1,1,1,0,1,1,1,18.5,14.3,15.0,8.8,19.1,1,1,1,2,1,synth_ransom_0084,ransom_synth_0084.exe
1,1,1,1,1,1,1,0,1,23.3,5.9,3.9,5.1,7.1,0,1,1,3,1,synth_ransom_0162,ransom_synth_0162.exe
0,0,0,0,0,0,0,0,0,0.0,0.9,0.6,0.3,2.7,0,1,0,0,0,synth_benign_0124,benign_synth_0124.exe
1,1,1,1,1,1,1,0,0,20.5,16.9,12.2,9.0,15.6,0,1,1,3,1,synth_ransom_0151,ransom_synth_0151.exe
0,0,0,0,0,0,0,0,0,5.6,1.9,0.6,0.1,2.6,0,0,1,1,0,synth_benign_0173,benign_synth_0173.exe
0,0,0,0,0,0,0,0,0,9.5,2.3,0.1,0.5,4.3,0,0,0,1,0,synth_benign_0077,benign_synth_0077.exe
0,0,0,0,0,0,0,0,0,0.4,1.0,0.1,0.1,3.8,0,1,0,0,0,synth_benign_0134,benign_synth_0134.exe
1,0,1,1,1,0,1,1,0,18.2,13.7,12.0,8.8,16.7,1,1,1,1,1,synth_ransom_0008,ransom_synth_0008.exe
0,0,0,0,0,0,0,0,0,8.4,0.3,0.1,0,2.4,0,0,0,0,0,synth_benign_0180,benign_synth_0180.exe
1,1,1,1,1,0,1,1,1,30.8,22.2,14.2,9.4,18.6,1,1,1,4,1,synth_ransom_0065,ransom_synth_0065.exe
1,0,1,0,1,0,0,1,1,14.5,15.0,22.2,10.2,9.1,1,1,0,4,1,synth_ransom_0090,ransom_synth_0090.exe
0,0,0,0,0,0,0,0,0,5.2,1.9,0.0,0,1.9,1,0,1,1,0,synth_benign_0168,benign_synth_0168.exe
0,1,1,1,1,1,1,1,1,21.1,16.9,13.3,8.7,18.8,1,1,1,3,1,synth_ransom_0175,ransom_synth_0175.exe
1,1,1,1,1,0,1,0,1,19.0,23.1,14.8,9.9,24.5,1,1,1,2,1,synth_ransom_0070,ransom_synth_0070.exe
0,0,0,0,0,0,0,0,0,10.0,1.9,0.5,0,3.9,0,0,0,1,0,synth_benign_0111,benign_synth_0111.exe
0,0,0,0,0,0,0,0,0,9.6,2.5,0,0.2,1.6,0,0,0,0,0,synth_benign_0045,benign_synth_0045.exe
0,0,0,1,0,0,0,0,0,2.9,1.6,0.3,0.2,3.6,0,0,0,1,0,synth_benign_0150,benign_synth_0150.exe
1,1,1,1,1,1,0,1,0,19.7,22.6,12.5,9.9,12.7,1,1,0,5,1,synth_ransom_0134,ransom_synth_0134.exe
0,0,0,0,1,0,0,0,0,4.4,1.2,0.7,0.1,3.3,0,0,0,0,0,synth_benign_0103,benign_synth_0103.exe
0,0,0,0,0,0,0,0,0,3.5,2.1,0.0,0,4.8,0,0,0,0,0,synth_benign_0010,benign_synth_0010.exe
1,0,1,0,1,1,1,0,1,15.1,14.1,12.0,12.0,18.5,1,1,1,1,1,synth_ransom_0069,ransom_synth_0069.exe
1,1,1,1,1,0,0,1,1,27.8,16.5,5.8,5.8,8.2,1,0,1,3,1,synth_ransom_0055,ransom_synth_0055.exe
0,0,0,0,1,0,0,0,0,5.9,2.0,0,0,4.8,0,0,0,0,0,synth_benign_0135,benign_synth_0135.exe
1,1,1,1,1,1,1,1,1,27.9,22.5,11.3,8.1,22.1,1,0,0,3,1,synth_ransom_0049,ransom_synth_0049.exe
0,1,1,0,1,0,1,0,1,20.1,19.2,15.6,10.9,18.5,0,1,0,2,1,synth_ransom_0122,ransom_synth_0122.exe
0,0,0,0,0,0,0,0,0,5.0,0.5,0.5,0.1,2.7,0,0,0,0,0,synth_benign_0002,benign_synth_0002.exe
1,1,0,1,1,0,0,1,1,28.1,15.1,14.6,4.0,11.8,1,1,0,2,1,synth_ransom_0159,ransom_synth_0159.exe
0,0,0,0,0,0,0,0,0,12.8,2.6,0,0.2,3.1,0,0,0,0,0,synth_benign_0054,benign_synth_0054.exe
0,0,0,0,1,0,0,0,0,8.0,1.0,0.3,0.3,4.5,0,0,0,1,0,synth_benign_0196,benign_synth_0196.exe
0,0,0,0,1,0,0,0,0,5.1,0.9,0,0.4,6.8,1,0,0,1,0,synth_benign_0157,benign_synth_0157.exe
0,0,0,0,1,0,0,0,0,4.8,2.5,0.1,0.9,4.0,0,0,0,0,0,synth_benign_0190,benign_synth_0190.exe
1,1,1,0,1,0,1,0,1,28.6,15.2,12.3,9.6,21.3,1,1,0,4,1,synth_ransom_0027,ransom_synth_0027.exe
0,0,0,0,0,0,0,1,0,4.4,0.3,0.6,0.4,7.5,0,0,0,0,0,synth_benign_0056,benign_synth_0056.exe
0,0,0,0,0,0,0,0,0,1.4,2.5,1.0,0.7,6.9,0,0,0,0,0,synth_benign_0082,benign_synth_0082.exe
0,0,0,0,0,0,0,0,0,6.7,3.2,0,0,5.5,0,0,1,1,0,synth_benign_0011,benign_synth_0011.exe
1,1,1,1,1,1,1,1,1,16.8,10.8,10.0,9.3,15.4,1,1,0,5,1,synth_ransom_0125,ransom_synth_0125.exe
0,0,0,0,0,0,0,0,0,3.6,1.9,1.0,0.5,2.9,0,0,1,0,0,synth_benign_0185,benign_synth_0185.exe
0,0,0,0,0,0,0,0,0,7.3,3.1,0.4,0.5,4.1,0,0,0,1,0,synth_benign_0127,benign_synth_0127.exe
1,0,1,1,1,0,1,0,1,27.1,14.2,17.3,10.5,9.7,0,1,0,5,1,synth_ransom_0160,ransom_synth_0160.exe
0,0,0,1,1,1,0,0,1,18.9,12.8,11.2,7.9,11.3,1,0,1,5,1,synth_ransom_0140,ransom_synth_0140.exe
0,0,0,0,1,0,0,0,0,4.1,0.4,1.1,0.5,4.0,0,0,0,0,0,synth_benign_0156,benign_synth_0156.exe
1,0,0,1,1,1,1,0,1,12.4,15.8,19.0,10.4,6.2,1,0,1,2,1,synth_ransom_0012,ransom_synth_0012.exe
0,1,1,1,1,1,1,0,1,27.8,22.2,9.8,6.9,13.4,0,1,0,4,1,synth_ransom_0128,ransom_synth_0128.exe
1,1,0,1,1,0,0,1,1,14.0,17.9,19.6,4.5,10.3,1,1,1,2,1,synth_ransom_0046,ransom_synth_0046.exe
0,0,0,0,0,0,0,0,0,7.4,0.4,0.5,0.7,3.5,0,0,0,0,0,synth_benign_0090,benign_synth_0090.exe
0,0,0,0,1,0,0,0,0,5.7,0.3,0.3,0,6.3,0,0,0,0,0,synth_benign_0169,benign_synth_0169.exe
0,0,0,0,0,0,0,1,0,2.9,3.7,0.5,0.0,6.1,0,0,0,1,0,synth_benign_0084,benign_synth_0084.exe
1,1,0,1,1,0,1,1,1,14.8,14.3,19.2,10.7,12.5,1,1,0,5,1,synth_ransom_0041,ransom_synth_0041.exe
1,1,0,1,0,1,1,1,1,21.8,14.5,9.7,8.1,19.6,1,1,1,2,1,synth_ransom_0013,ransom_synth_0013.exe
0,0,0,0,0,0,0,0,0,4.3,2.0,0.8,0,5.6,0,0,0,1,0,synth_benign_0035,benign_synth_0035.exe
1,1,1,1,1,1,1,1,1,16.6,17.0,11.9,12.4,15.9,1,0,1,2,1,synth_ransom_0131,ransom_synth_0131.exe
0,1,1,1,1,0,1,0,0,32.3,20.5,13.0,11.8,19.8,1,1,1,1,1,synth_ransom_0048,ransom_synth_0048.exe
1,0,1,1,0,0,1,1,1,28.6,24.0,11.9,8.0,11.2,1,0,1,5,1,synth_ransom_0188,ransom_synth_0188.exe
0,0,0,0,0,0,0,1,1,6.8,1.8,0.1,0.3,1.6,0,0,0,1,0,synth_benign_0098,benign_synth_0098.exe
0,0,0,0,0,0,0,0,0,6.4,1.7,0.7,0.7,7.8,0,0,0,0,0,synth_benign_0086,benign_synth_0086.exe
1,1,1,1,1,0,1,0,0,18.9,22.0,18.9,11.5,12.1,1,1,1,3,1,synth_ransom_0101,ransom_synth_0101.exe
1,1,1,1,1,1,1,1,1,25.1,24.1,11.3,7.0,17.2,0,1,1,4,1,synth_ransom_0145,ransom_synth_0145.exe
0,1,1,1,1,1,0,0,1,18.4,19.2,23.0,11.3,6.8,1,1,1,1,1,synth_ransom_0036,ransom_synth_0036.exe
0,0,0,0,0,0,0,0,0,0.1,0.6,0.6,0,2.8,0,0,0,0,0,synth_benign_0032,benign_synth_0032.exe
0,0,0,0,0,0,0,0,0,7.8,1.4,0.5,0,8.1,0,0,0,0,0,synth_benign_0104,benign_synth_0104.exe
1,1,1,1,0,1,0,0,1,27.8,18.3,4.2,9.2,17.0,1,1,0,5,1,synth_ransom_0029,ransom_synth_0029.exe
1,0,1,1,1,0,1,0,1,24.8,16.4,5.1,11.8,17.0,1,1,1,5,1,synth_ransom_0076,ransom_synth_0076.exe
0,0,0,0,1,0,0,0,0,7.5,1.6,0.2,0,3.4,0,0,0,1,0,synth_benign_0018,benign_synth_0018.exe
1,1,0,1,1,1,1,0,1,23.3,17.6,18.7,4.0,17.9,1,1,1,2,1,synth_ransom_0146,ransom_synth_0146.exe
0,0,0,0,0,0,0,0,1,8.4,2.2,0.6,0.2,4.2,0,0,0,1,0,synth_benign_0064,benign_synth_0064.exe
1,1,1,1,1,1,1,1,1,19.6,17.0,6.1,10.6,15.6,1,1,1,4,1,synth_ransom_0091,ransom_synth_0091.exe
1,1,1,0,1,0,0,1,1,29.6,19.9,20.0,5.9,23.1,0,1,1,4,1,synth_ransom_0167,ransom_synth_0167.exe
0,0,0,0,0,0,0,0,0,7.0,1.4,0.9,0.5,0.4,0,0,0,1,0,synth_benign_0050,benign_synth_0050.exe
0,0,0,0,0,0,0,0,1,5.4,2.2,0,0.2,4.5,0,0,0,0,0,synth_benign_0067,benign_synth_0067.exe
1,1,0,0,1,0,0,1,1,13.7,22.0,13.8,10.2,11.9,0,1,0,1,1,synth_ransom_0152,ransom_synth_0152.exe
0,1,1,1,1,0,0,0,1,19.0,24.1,18.7,7.3,20.1,0,1,1,2,1,synth_ransom_0030,ransom_synth_0030.exe
0,0,0,0,0,0,0,0,0,8.5,4.2,0,0.3,6.9,0,0,0,1,0,synth_benign_0079,benign_synth_0079.exe
0,0,0,0,0,0,0,0,0,0,0,0.1,0.1,4.2,0,0,1,0,0,synth_benign_0003,benign_synth_0003.exe
1,1,1,1,1,0,0,1,1,26.1,18.7,13.1,9.0,18.3,1,1,1,1,1,synth_ransom_0000,ransom_synth_0000.exe
1,1,1,1,1,1,1,1,1,16.1,13.2,15.2,10.0,5.7,1,1,1,5,1,synth_ransom_0094,ransom_synth_0094.exe
0,0,0,0,0,0,0,0,1,8.7,3.5,1.0,0.5,3.7,0,0,0,1,0,synth_benign_0043,benign_synth_0043.exe
0,0,0,0,0,0,0,0,0,10.4,2.8,0.4,0,4.9,0,0,0,0,0,synth_benign_0164,benign_synth_0164.exe
1,1,1,1,1,1,1,0,1,24.3,24.4,20.9,14.9,16.2,1,1,1,2,1,synth_ransom_0057,ransom_synth_0057.exe
0,0,0,0,0,0,0,0,0,4.3,3.4,0.8,0.6,5.2,0,0,0,1,0,synth_benign_0194,benign_synth_0194.exe
1,1,1,1,1,0,1,1,0,24.9,7.3,25.3,7.7,29.8,0,1,1,3,1,synth_ransom_0083,ransom_synth_0083.exe
1,1,1,0,1,0,0,0,1,20.6,10.5,18.5,9.6,24.6,0,1,0,5,1,synth_ransom_0096,ransom_synth_0096.exe
1,1,0,0,1,1,1,0,0,19.4,24.8,12.2,7.9,16.5,0,1,1,3,1,synth_ransom_0006,ransom_synth_0006.exe
0,0,0,0,1,0,0,0,0,4.5,2.9,0.6,0.5,2.3,0,0,0,0,0,synth_benign_0074,benign_synth_0074.exe
1,1,1,0,1,1,1,0,1,29.1,27.2,10.7,11.2,15.6,1,0,1,3,1,synth_ransom_0045,ransom_synth_0045.exe
1,1,1,1,1,0,0,0,1,25.3,18.9,9.6,6.0,15.0,1,1,1,5,1,synth_ransom_0064,ransom_synth_0064.exe
0,0,0,0,0,0,0,0,0,7.0,3.8,0.1,0.3,3.9,0,0,0,1,0,synth_benign_0123,benign_synth_0123.exe
1,1,1,1,1,1,1,0,0,28.4,12.3,12.3,9.8,19.5,1,1,1,4,1,synth_ransom_0033,ransom_synth_0033.exe
1,1,1,1,1,1,1,0,1,24.7,24.7,12.4,11.6,12.2,1,1,1,3,1,synth_ransom_0047,ransom_synth_0047.exe
0,0,0,0,0,0,0,0,1,5.7,1.0,0.0,0.7,3.9,0,0,0,0,0,synth_benign_0080,benign_synth_0080.exe
1,1,1,1,1,1,1,1,1,28.5,17.9,20.2,10.3,23.3,1,1,1,5,1,synth_ransom_0189,ransom_synth_0189.exe
0,0,0,0,0,0,0,0,0,9.7,3.6,1.4,0.3,1.1,0,0,1,1,0,synth_benign_0114,benign_synth_0114.exe
1,0,0,0,1,0,1,0,1,11.1,22.4,15.3,11.1,13.4,1,0,1,4,1,synth_ransom_0028,ransom_synth_0028.exe
1,1,1,1,1,1,1,1,1,27.6,20.3,12.5,5.4,25.8,0,1,1,2,1,synth_ransom_0108,ransom_synth_0108.exe
1,0,0,0,0,0,0,0,0,5.7,3.5,0,0.3,5.2,0,0,0,0,0,synth_benign_0112,benign_synth_0112.exe
0,0,0,0,0,0,0,0,0,3.7,0.9,0.2,0,6.0,0,0,0,0,0,synth_benign_0076,benign_synth_0076.exe
0,0,0,0,1,0,0,0,0,13.5,3.5,0.6,0,2.7,0,0,0,0,0,synth_benign_0151,benign_synth_0151.exe
1,1,1,1,1,0,0,0,1,27.4,14.4,5.7,9.5,14.3,1,1,0,5,1,synth_ransom_0194,ransom_synth_0194.exe
1,1,1,1,1,1,1,1,1,42.4,25.1,11.9,13.7,22.9,0,1,1,3,1,synth_ransom_0005,ransom_synth_0005.exe
0,0,0,0,0,0,0,0,0,3.6,2.3,0.9,0.7,4.7,0,0,0,0,0,synth_benign_0142,benign_synth_0142.exe
0,0,0,0,1,0,0,0,0,6.1,2.6,0.1,0,3.4,0,0,0,1,0,synth_benign_0128,benign_synth_0128.exe
0,1,0,0,1,1,1,0,1,20.5,24.6,15.8,8.2,7.7,1,1,1,2,1,synth_ransom_0143,ransom_synth_0143.exe
1,1,1,1,1,0,1,1,0,16.0,9.5,12.1,8.4,16.0,0,1,1,3,1,synth_ransom_0079,ransom_synth_0079.exe
1,1,1,0,1,0,1,0,1,16.7,23.7,25.0,11.4,13.8,0,0,1,1,1,synth_ransom_0130,ransom_synth_0130.exe
1,0,0,0,0,0,0,0,0,7.1,4.6,0,0,3.5,0,0,0,0,0,synth_benign_0145,benign_synth_0145.exe
0,0,0,0,0,0,0,1,0,9.4,0.4,0.2,0.3,3.3,0,0,0,0,0,synth_benign_0061,benign_synth_0061.exe
1,1,0,0,1,1,1,1,0,20.1,13.3,6.2,5.0,14.2,0,0,0,5,1,synth_ransom_0072,ransom_synth_0072.exe
1,1,1,1,1,0,1,1,0,32.3,23.2,19.4,12.7,18.0,1,0,1,4,1,synth_ransom_0138,ransom_synth_0138.exe
1,1,0,1,1,1,1,1,1,19.6,15.6,15.7,12.1,17.5,1,0,1,2,1,synth_ransom_0171,ransom_synth_0171.exe
0,0,0,0,0,0,0,0,0,2.0,0.9,0.1,0.1,3.5,0,0,0,1,0,synth_benign_0081,benign_synth_0081.exe
0,1,1,0,0,0,0,0,1,12.5,11.6,14.6,13.4,12.8,1,1,1,4,1,synth_ransom_0099,ransom_synth_0099.exe
0,0,0,0,1,0,0,1,0,5.7,2.0,1.1,0,5.1,0,0,0,1,0,synth_benign_0038,benign_synth_0038.exe
0,0,0,0,0,0,0,0,0,5.5,1.3,0.7,0.2,5.7,0,0,0,0,0,synth_benign_0138,benign_synth_0138.exe
1,0,1,1,1,1,1,0,0,22.5,22.5,9.5,8.0,12.4,1,1,0,1,1,synth_ransom_0179,ransom_synth_0179.exe
0,0,0,0,0,0,0,0,0,4.9,1.6,0.7,0.8,2.5,0,0,1,0,0,synth_benign_0044,benign_synth_0044.exe
1,1,1,0,0,0,1,0,0,30.0,19.4,23.2,5.3,17.2,0,1,0,2,1,synth_ransom_0166,ransom_synth_0166.exe
1,1,1,0,1,1,1,1,1,5.2,10.9,10.9,17.0,13.8,1,1,0,1,1,synth_ransom_0050,ransom_synth_0050.exe
1,1,1,0,1,1,0,1,1,30.3,5.5,19.1,13.1,11.1,1,1,1,1,1,synth_ransom_0158,ransom_synth_0158.exe
0,0,0,0,0,0,0,0,0,8.4,1.4,0,0,8.0,0,0,0,0,0,synth_benign_0137,benign_synth_0137.exe
0,0,0,0,0,0,0,0,0,4.8,2.4,0.6,0.3,2.9,0,0,0,1,0,synth_benign_0015,benign_synth_0015.exe
1,1,1,1,1,1,1,1,1,31.5,16.8,10.8,8.4,25.8,0,1,1,4,1,synth_ransom_0139,ransom_synth_0139.exe
0,0,0,0,0,0,0,0,0,3.3,3.0,1.3,0.6,4.6,0,1,0,0,0,synth_benign_0060,benign_synth_0060.exe
0,0,0,0,0,0,0,0,0,2.0,2.0,0.7,0.3,2.0,1,0,0,1,0,synth_benign_0193,benign_synth_0193.exe
0,0,0,0,0,0,0,0,0,6.4,0.9,0,0,2.1,0,0,0,1,0,synth_benign_0172,benign_synth_0172.exe
0,0,0,0,0,0,0,0,0,11.9,1.3,0.3,0.0,4.6,0,0,0,1,0,synth_benign_0025,benign_synth_0025.exe
1,1,1,0,1,0,1,1,1,25.1,26.3,12.0,8.1,18.9,1,1,0,2,1,synth_ransom_0156,ransom_synth_0156.exe
0,0,0,0,0,0,0,0,0,7.3,0,0.2,0.4,3.5,0,0,0,1,0,synth_benign_0006,benign_synth_0006.exe
1,1,0,1,1,1,0,1,1,29.8,17.3,12.8,7.2,12.7,1,1,1,3,1,synth_ransom_0071,ransom_synth_0071.exe
1,1,1,1,1,1,1,1,0,30.9,18.4,12.4,7.9,5.3,1,1,0,3,1,synth_ransom_0191,ransom_synth_0191.exe
0,0,0,0,0,0,0,0,0,6.1,1.0,0,0,3.6,0,0,0,1,0,synth_benign_0101,benign_synth_0101.exe
1,1,0,1,1,1,1,0,1,17.3,14.8,19.8,9.6,10.3,1,1,1,1,1,synth_ransom_0185,ransom_synth_0185.exe
0,0,0,0,0,0,0,0,0,1.2,2.7,0.6,0.5,0.7,0,0,0,1,0,synth_benign_0068,benign_synth_0068.exe
1,1,0,1,1,1,0,0,1,25.4,25.0,13.0,7.1,6.8,0,1,0,2,1,synth_ransom_0141,ransom_synth_0141.exe
0,0,0,0,0,0,0,0,0,6.8,2.3,0.2,0,4.6,0,1,0,1,0,synth_benign_0109,benign_synth_0109.exe
0,0,0,0,0,0,0,0,0,9.6,4.6,0,0.0,6.3,1,0,0,1,0,synth_benign_0005,benign_synth_0005.exe
0,0,0,0,0,0,0,0,0,8.2,1.6,0.8,0,4.1,0,0,0,1,0,synth_benign_0188,benign_synth_0188.exe
0,0,0,0,0,0,0,0,0,7.3,2.1,0,0,4.7,0,1,0,1,0,synth_benign_0087,benign_synth_0087.exe
0,1,1,1,1,1,1,1,1,11.2,24.8,12.8,7.0,10.6,0,1,1,3,1,synth_ransom_0178,ransom_synth_0178.exe
0,0,0,0,0,0,0,0,1,5.3,2.4,0.2,0.7,1.9,0,0,0,1,0,synth_benign_0160,benign_synth_0160.exe
1,1,1,0,1,1,0,0,1,23.1,21.8,21.5,6.5,19.5,1,0,0,5,1,synth_ransom_0014,ransom_synth_0014.exe
1,0,0,0,1,0,0,0,0,3.2,3.7,0.7,0.6,5.8,0,1,0,1,0,synth_benign_0125,benign_synth_0125.exe
0,0,0,0,0,0,0,1,0,3.7,2.0,0.4,0.2,7.1,0,0,0,0,0,synth_benign_0189,benign_synth_0189.exe
1,1,1,1,1,1,1,0,0,25.2,19.0,13.4,7.4,20.7,1,1,0,4,1,synth_ransom_0164,ransom_synth_0164.exe
1,1,0,0,1,0,0,0,1,27.0,14.1,9.5,8.1,16.7,1,0,1,5,1,synth_ransom_0169,ransom_synth_0169.exe
0,0,0,0,0,0,0,0,0,7.0,0,0.0,0.1,4.8,0,0,0,1,0,synth_benign_0089,benign_synth_0089.exe
1,0,0,1,1,0,1,1,1,18.0,18.4,5.0,7.3,15.1,1,1,1,5,1,synth_ransom_0100,ransom_synth_0100.exe
0,0,1,1,1,0,1,0,1,18.0,24.3,9.8,10.4,19.4,1,1,0,3,1,synth_ransom_0015,ransom_synth_0015.exe
1,0,1,1,1,1,1,0,1,33.3,17.7,9.9,9.2,19.5,0,1,1,3,1,synth_ransom_0111,ransom_synth_0111.exe
1,1,1,1,1,0,0,1,0,20.1,18.4,8.5,8.5,10.6,1,1,1,3,1,synth_ransom_0042,ransom_synth_0042.exe
0,0,0,0,0,0,0,0,0,6.8,3.0,0,1.0,3.1,0,0,0,0,0,synth_benign_0117,benign_synth_0117.exe
0,0,0,0,1,0,0,0,0,5.7,3.8,0.1,0,7.1,0,1,0,0,0,synth_benign_0174,benign_synth_0174.exe
1,1,1,0,0,0,0,0,1,20.1,11.9,13.2,11.5,20.3,0,1,1,2,1,synth_ransom_0086,ransom_synth_0086.exe
0,0,0,0,0,0,0,0,0,0,2.6,0.7,0.6,2.3,0,0,0,0,0,synth_benign_0019,benign_synth_0019.exe
1,1,1,1,1,0,0,0,0,20.9,18.9,16.9,13.2,21.2,0,1,1,2,1,synth_ransom_0017,ransom_synth_0017.exe
1,1,1,1,1,1,1,1,1,24.5,12.5,10.6,7.8,21.6,1,1,0,3,1,synth_ransom_0197,ransom_synth_0197.exe
0,0,0,0,0,0,0,0,0,8.1,2.7,1.0,0.8,2.0,0,0,0,0,0,synth_benign_0143,benign_synth_0143.exe
1,1,0,1,1,1,1,1,1,22.3,20.3,13.0,13.2,12.8,1,1,0,1,1,synth_ransom_0002,ransom_synth_0002.exe
1,0,0,1,1,1,1,0,1,23.6,18.8,10.1,11.1,13.7,1,1,1,1,1,synth_ransom_0037,ransom_synth_0037.exe
0,0,0,0,0,0,0,0,0,0.4,2.7,0,0.0,6.9,0,1,0,0,0,synth_benign_0153,benign_synth_0153.exe
1,1,1,0,1,1,1,0,1,14.6,17.0,6.7,12.7,15.1,1,1,0,2,1,synth_ransom_0007,ransom_synth_0007.exe
0,0,0,0,1,0,0,0,0,9.6,2.1,0.9,0,5.3,0,0,0,0,0,synth_benign_0026,benign_synth_0026.exe
0,0,0,0,0,0,0,0,0,9.9,2.2,0.2,0.1,4.8,0,0,1,0,0,synth_benign_0072,benign_synth_0072.exe
0,0,0,0,0,0,0,0,0,8.2,2.7,0,0.7,3.7,0,0,0,0,0,synth_benign_0073,benign_synth_0073.exe
1,1,1,1,1,1,0,1,1,25.3,10.0,14.5,8.8,10.5,0,1,1,5,1,synth_ransom_0117,ransom_synth_0117.exe
1,1,1,1,1,0,1,1,1,19.1,22.5,23.3,13.8,4.4,1,1,1,3,1,synth_ransom_0104,ransom_synth_0104.exe
0,0,0,0,0,0,0,0,0,4.5,3.3,0.2,0,1.2,0,0,0,1,0,synth_benign_0055,benign_synth_0055.exe
1,1,0,1,1,0,1,0,0,26.7,12.6,18.3,7.0,10.7,1,1,1,5,1,synth_ransom_0109,ransom_synth_0109.exe
0,0,0,0,0,0,0,0,0,4.4,0.3,0,0.4,1.0,0,0,0,1,0,synth_benign_0036,benign_synth_0036.exe
0,0,0,1,0,0,0,0,0,2.9,1.1,0.3,0.3,7.1,0,0,0,1,0,synth_benign_0078,benign_synth_0078.exe
0,0,0,0,0,0,0,0,0,5.6,1.7,0,0,5.1,0,0,0,1,0,synth_benign_0001,benign_synth_0001.exe
0,0,0,0,0,0,0,0,0,3.3,3.5,0,0.5,4.9,0,0,0,0,0,synth_benign_0092,benign_synth_0092.exe
1,1,1,1,1,1,1,1,1,27.3,13.3,12.1,5.3,16.5,0,0,1,2,1,synth_ransom_0135,ransom_synth_0135.exe
0,0,0,0,0,0,0,0,0,3.1,1.7,0,0.9,3.1,0,0,0,1,0,synth_benign_0008,benign_synth_0008.exe
1,1,1,1,1,0,1,0,1,22.1,16.5,17.5,5.5,18.3,1,1,0,1,1,synth_ransom_0192,ransom_synth_0192.exe
1,1,0,1,1,0,1,1,1,28.6,18.1,11.2,7.6,16.9,0,1,0,3,1,synth_ransom_0038,ransom_synth_0038.exe
0,0,0,0,0,0,0,0,0,10.2,2.6,0.8,0,7.3,0,0,0,0,0,synth_benign_0179,benign_synth_0179.exe
0,0,0,0,0,0,0,0,1,10.0,2.7,0.0,0.5,5.1,0,0,0,0,0,synth_benign_0167,benign_synth_0167.exe
0,0,0,0,0,0,0,0,0,5.7,1.4,0.7,0,2.7,0,0,0,1,0,synth_benign_0141,benign_synth_0141.exe
0,0,0,0,0,0,0,0,0,6.7,1.5,0.1,1.0,3.3,0,0,0,0,0,synth_benign_0133,benign_synth_0133.exe
0,0,0,0,0,0,0,1,0,1.8,0.8,0,0.4,2.0,0,1,0,1,0,synth_benign_0031,benign_synth_0031.exe
1,1,1,1,1,0,0,1,1,27.0,20.3,12.4,12.3,22.0,0,0,1,5,1,synth_ransom_0193,ransom_synth_0193.exe
0,0,0,0,1,0,0,0,0,7.7,1.3,0.0,0.3,4.2,0,0,0,0,0,synth_benign_0088,benign_synth_0088.exe
1,1,1,1,1,1,1,0,1,34.6,14.8,18.9,13.8,29.0,0,1,1,5,1,synth_ransom_0095,ransom_synth_0095.exe
1,0,1,0,1,0,1,1,1,13.9,12.9,12.6,7.4,16.8,0,1,1,5,1,synth_ransom_0068,ransom_synth_0068.exe
0,0,0,0,1,0,0,0,0,6.9,1.6,0.1,0,4.6,1,1,0,1,0,synth_benign_0119,benign_synth_0119.exe
1,1,1,0,1,1,1,0,1,22.1,31.0,20.9,11.9,13.1,1,0,1,3,1,synth_ransom_0043,ransom_synth_0043.exe
0,0,0,0,1,0,0,0,0,11.7,2.8,0.2,0.2,1.3,0,0,0,1,0,synth_benign_0046,benign_synth_0046.exe
1,1,1,1,1,0,1,0,1,27.4,20.9,14.0,7.5,24.4,1,1,0,5,1,synth_ransom_0073,ransom_synth_0073.exe
1,1,1,0,1,1,1,0,1,29.9,16.4,12.9,4.7,34.4,0,1,0,5,1,synth_ransom_0087,ransom_synth_0087.exe
1,1,1,0,1,1,0,0,0,14.1,21.2,12.6,12.7,11.5,1,1,0,3,1,synth_ransom_0121,ransom_synth_0121.exe
0,0,0,0,1,0,0,0,0,4.2,4.2,0.6,0,2.0,0,0,0,1,0,synth_benign_0007,benign_synth_0007.exe
0,0,0,1,0,0,0,0,0,4.6,2.8,0.7,0.2,5.5,0,0,0,1,0,synth_benign_0110,benign_synth_0110.exe
0,1,0,1,1,1,1,0,1,31.0,24.1,9.4,12.8,7.9,0,0,0,5,1,synth_ransom_0062,ransom_synth_0062.exe
1,1,1,1,1,0,1,1,1,30.2,15.8,16.6,12.2,17.5,1,0,1,3,1,synth_ransom_0001,ransom_synth_0001.exe
0,0,0,0,0,0,0,0,0,0,0.5,0.9,0.4,2.8,0,0,0,1,0,synth_benign_0175,benign_synth_0175.exe
1,1,1,0,1,0,1,1,1,23.9,17.7,15.0,13.2,13.0,1,0,1,4,1,synth_ransom_0196,ransom_synth_0196.exe
0,0,0,0,0,0,0,0,0,0.6,1.3,0,0.5,3.0,0,1,0,0,0,synth_benign_0106,benign_synth_0106.exe
0,0,0,1,0,0,0,0,0,6.4,2.2,0.2,0,5.6,0,0,0,1,0,synth_benign_0197,benign_synth_0197.exe
0,0,0,0,0,0,0,0,0,9.6,3.2,0.1,0.6,5.5,0,0,0,1,0,synth_benign_0097,benign_synth_0097.exe
0,0,0,0,1,0,0,0,0,6.8,1.9,0,0.3,3.1,0,0,0,1,0,synth_benign_0017,benign_synth_0017.exe
0,0,0,0,0,0,0,0,0,4.8,2.1,1.0,0.4,2.8,0,0,1,1,0,synth_benign_0146,benign_synth_0146.exe
1,0,1,1,1,1,1,0,1,17.4,27.4,13.1,8.2,20.5,1,1,1,1,1,synth_ransom_0035,ransom_synth_0035.exe
0,0,0,1,0,0,0,0,0,3.7,0.9,0,0.8,3.2,0,0,0,1,0,synth_benign_0009,benign_synth_0009.exe
0,0,0,0,0,0,0,0,0,7.0,1.7,0.1,0.4,4.8,0,0,0,0,0,synth_benign_0140,benign_synth_0140.exe
0,1,0,1,1,1,1,0,1,38.8,11.9,14.9,10.8,11.7,0,1,0,3,1,synth_ransom_0093,ransom_synth_0093.exe
1,1,1,0,1,1,1,1,1,26.7,16.3,9.0,12.2,11.6,1,1,0,4,1,synth_ransom_0165,ransom_synth_0165.exe
1,1,1,0,1,1,1,0,1,31.3,20.7,15.0,7.2,23.8,1,1,1,3,1,synth_ransom_0039,ransom_synth_0039.exe
0,0,0,0,1,0,0,0,0,5.8,1.8,1.3,0.2,5.5,0,0,0,0,0,synth_benign_0065,benign_synth_0065.exe
0,0,0,0,0,0,0,0,0,7.9,1.0,0,0.8,2.1,0,0,0,0,0,synth_benign_0022,benign_synth_0022.exe
1,1,1,1,1,1,1,1,1,20.0,22.6,20.5,8.3,20.0,0,1,1,2,1,synth_ransom_0187,ransom_synth_0187.exe
1,1,1,0,1,0,1,1,1,26.5,14.1,9.6,7.7,22.5,1,1,1,4,1,synth_ransom_0127,ransom_synth_0127.exe
1,0,1,0,1,0,1,1,1,15.1,21.0,17.5,6.7,19.8,1,1,1,4,1,synth_ransom_0129,ransom_synth_0129.exe
1,1,1,0,1,1,1,0,1,22.8,16.0,11.4,6.4,22.2,1,0,1,5,1,synth_ransom_0195,ransom_synth_0195.exe
0,0,1,0,1,1,1,1,1,16.7,8.4,15.3,7.5,23.4,0,0,1,4,1,synth_ransom_0113,ransom_synth_0113.exe
0,0,0,0,0,0,0,0,0,3.7,2.1,0.2,0.1,3.1,0,1,0,0,0,synth_benign_0071,benign_synth_0071.exe
0,0,0,0,0,0,0,0,0,1.2,0.8,0.8,0.5,5.0,0,0,0,1,0,synth_benign_0198,benign_synth_0198.exe
1,1,0,1,1,0,0,1,1,16.3,20.3,13.6,9.0,8.1,0,0,0,5,1,synth_ransom_0186,ransom_synth_0186.exe
1,0,1,1,1,1,1,1,1,34.9,24.9,16.7,5.6,34.8,1,1,1,2,1,synth_ransom_0040,ransom_synth_0040.exe
1,1,1,1,0,0,1,0,0,27.4,7.3,13.5,7.1,25.0,1,0,1,1,1,synth_ransom_0092,ransom_synth_0092.exe
0,0,0,0,0,0,0,0,0,6.8,2.4,0.3,0.1,6.0,0,0,0,0,0,synth_benign_0033,benign_synth_0033.exe
0,1,1,1,1,0,1,1,1,24.0,13.1,16.6,12.7,11.2,1,1,0,3,1,synth_ransom_0105,ransom_synth_0105.exe
0,1,1,1,1,0,0,0,1,21.2,14.6,11.3,9.6,13.1,1,1,1,3,1,synth_ransom_0060,ransom_synth_0060.exe
0,0,0,0,0,0,0,0,0,7.0,1.9,1.3,0.7,4.9,0,0,0,0,0,synth_benign_0183,benign_synth_0183.exe
0,0,0,0,0,0,0,0,0,9.4,1.3,0.0,0.8,3.3,0,0,0,1,0,synth_benign_0066,benign_synth_0066.exe
1,1,1,1,1,0,0,1,1,23.8,13.7,16.2,8.6,18.5,1,0,0,2,1,synth_ransom_0021,ransom_synth_0021.exe
0,0,0,0,0,0,0,0,0,10.2,1.7,0.3,0,2.6,0,0,0,0,0,synth_benign_0165,benign_synth_0165.exe
1,0,0,1,1,1,0,0,0,22.4,19.8,17.9,3.1,14.4,1,0,1,4,1,synth_ransom_0054,ransom_synth_0054.exe
1,1,1,1,0,1,0,0,1,19.4,31.0,21.1,7.2,18.9,1,0,1,3,1,synth_ransom_0056,ransom_synth_0056.exe
0,0,0,0,0,0,0,0,0,8.3,1.8,0.0,0.0,6.4,0,0,0,0,0,synth_benign_0034,benign_synth_0034.exe
0,1,0,0,0,0,0,0,0,2.6,1.0,0.9,0,5.7,0,1,0,1,0,synth_benign_0121,benign_synth_0121.exe
1,1,1,0,1,0,0,1,1,13.6,18.1,19.7,9.4,10.0,1,1,1,3,1,synth_ransom_0025,ransom_synth_0025.exe
1,1,1,0,1,0,0,1,1,18.0,16.0,13.4,7.1,18.4,1,1,0,3,1,synth_ransom_0053,ransom_synth_0053.exe
0,0,0,0,0,0,0,0,0,7.1,3.9,0.3,0,5.5,0,0,0,0,0,synth_benign_0063,benign_synth_0063.exe
1,1,1,1,1,1,0,1,1,28.5,28.8,16.1,3.4,17.6,0,1,1,1,1,synth_ransom_0077,ransom_synth_0077.exe
1,1,1,1,1,1,1,1,1,28.9,16.7,7.9,9.1,7.7,1,1,1,2,1,synth_ransom_0136,ransom_synth_0136.exe
1,0,1,1,1,1,1,0,1,18.5,18.6,9.6,12.0,11.7,0,1,1,2,1,synth_ransom_0023,ransom_synth_0023.exe
1,1,0,1,1,0,1,1,1,27.0,25.1,13.6,10.5,13.0,0,0,1,2,1,synth_ransom_0181,ransom_synth_0181.exe
1,1,0,0,1,1,1,1,1,10.2,20.6,15.3,4.9,10.8,1,1,1,1,1,synth_ransom_0174,ransom_synth_0174.exe
1,1,0,1,1,1,0,1,1,31.1,20.2,17.6,9.4,22.9,0,1,1,5,1,synth_ransom_0132,ransom_synth_0132.exe
0,0,0,0,0,0,0,0,0,6.8,1.2,0.8,0,0.2,0,0,0,0,0,synth_benign_0148,benign_synth_0148.exe
1,1,1,1,1,0,0,1,1,23.7,21.7,11.5,5.4,18.3,0,1,1,4,1,synth_ransom_0114,ransom_synth_0114.exe
1,1,0,1,1,1,1,0,1,27.6,11.8,12.2,6.5,14.3,1,1,0,4,1,synth_ransom_0061,ransom_synth_0061.exe
1,1,1,1,1,1,0,1,1,27.0,15.5,9.6,11.0,16.5,1,0,1,4,1,synth_ransom_0116,ransom_synth_0116.exe
1,0,1,1,1,1,1,1,1,19.4,19.2,18.0,10.3,11.7,1,1,1,5,1,synth_ransom_0058,ransom_synth_0058.exe
0,0,0,0,0,0,0,0,0,2.8,1.9,0.8,1.1,1.2,0,0,0,0,0,synth_benign_0020,benign_synth_0020.exe
1,1,1,1,1,0,1,0,1,24.6,13.3,6.2,7.7,5.8,1,1,0,1,1,synth_ransom_0172,ransom_synth_0172.exe
0,0,0,0,0,0,0,0,0,8.2,1.2,0.7,0,4.0,0,0,0,1,0,synth_benign_0139,benign_synth_0139.exe
1,1,0,1,1,0,1,1,1,25.5,17.6,8.2,10.7,13.7,0,1,1,1,1,synth_ransom_0016,ransom_synth_0016.exe
0,0,0,0,1,0,0,0,0,5.4,0.9,0.1,0,3.0,0,0,0,0,0,synth_benign_0057,benign_synth_0057.exe
1,0,0,0,1,0,1,1,1,23.1,12.2,13.0,12.5,26.4,1,1,0,5,1,synth_ransom_0089,ransom_synth_0089.exe
1,0,1,1,1,0,1,1,1,15.4,20.3,9.8,13.2,17.6,1,0,1,3,1,synth_ransom_0081,ransom_synth_0081.exe
1,1,1,0,1,1,1,1,1,17.0,18.1,17.4,7.3,15.4,0,0,1,2,1,synth_ransom_0182,ransom_synth_0182.exe
1,1,0,1,1,1,1,1,1,28.8,15.5,12.3,6.5,13.3,0,1,0,1,1,synth_ransom_0133,ransom_synth_0133.exe
1,1,1,0,1,1,1,0,1,14.1,16.5,18.3,8.7,8.0,1,0,0,3,1,synth_ransom_0183,ransom_synth_0183.exe
0,0,0,0,0,0,0,0,0,0,2.9,0.1,0.2,8.6,0,0,0,0,0,synth_benign_0144,benign_synth_0144.exe
1,1,0,0,1,1,1,0,1,26.3,19.2,16.6,6.3,18.4,0,1,0,4,1,synth_ransom_0024,ransom_synth_0024.exe
0,0,0,0,1,0,0,0,1,10.1,0.8,0.3,0.4,1.4,0,0,0,1,0,synth_benign_0085,benign_synth_0085.exe
1,1,1,1,1,1,1,1,1,14.7,20.5,15.8,7.9,14.9,1,0,1,5,1,synth_ransom_0107,ransom_synth_0107.exe
1,1,0,1,1,1,1,0,0,23.4,25.5,17.4,5.4,21.3,1,1,1,1,1,synth_ransom_0120,ransom_synth_0120.exe
0,1,1,1,1,0,1,0,1,16.9,17.9,8.7,4.7,15.8,1,1,1,2,1,synth_ransom_0155,ransom_synth_0155.exe
0,0,1,0,1,0,0,0,0,6.8,0.9,0,0.6,4.8,0,0,0,1,0,synth_benign_0052,benign_synth_0052.exe
0,0,0,0,0,0,0,0,0,4.2,2.4,0,0.4,4.3,0,0,0,1,0,synth_benign_0162,benign_synth_0162.exe
0,1,0,0,1,1,0,1,1,18.0,18.0,20.7,9.5,8.5,1,1,1,1,1,synth_ransom_0051,ransom_synth_0051.exe
0,0,0,0,0,0,0,0,0,5.4,1.5,0.1,0.3,4.1,0,0,0,1,0,synth_benign_0051,benign_synth_0051.exe
1,1,0,1,1,0,0,0,1,29.2,19.7,15.0,7.3,17.0,1,1,0,1,1,synth_ransom_0080,ransom_synth_0080.exe
1,0,1,1,1,0,0,0,1,24.8,15.9,26.0,4.0,11.3,0,0,0,1,1,synth_ransom_0102,ransom_synth_0102.exe
1,0,1,1,1,1,0,0,1,28.5,29.8,6.0,11.7,18.4,1,1,1,2,1,synth_ransom_0088,ransom_synth_0088.exe
1,1,1,1,1,0,1,0,1,35.4,19.3,17.4,6.0,9.0,1,1,1,3,1,synth_ransom_0066,ransom_synth_0066.exe
0,0,0,0,1,0,0,0,1,9.1,1.0,0,0,6.0,0,0,0,1,0,synth_benign_0047,benign_synth_0047.exe
0,0,0,0,0,0,0,0,0,0.4,3.5,0.4,0.0,2.2,0,0,0,0,0,synth_benign_0191,benign_synth_0191.exe
1,1,1,1,1,0,0,0,1,23.6,19.4,9.2,12.3,19.5,0,1,0,2,1,synth_ransom_0144,ransom_synth_0144.exe
1,1,0,1,1,0,1,0,0,22.5,9.0,17.1,4.5,13.1,0,1,1,3,1,synth_ransom_0106,ransom_synth_0106.exe
0,0,0,0,0,0,0,0,0,8.8,0.5,0.4,0,3.5,0,0,0,0,0,synth_benign_0126,benign_synth_0126.exe
0,0,0,0,0,0,0,0,0,7.3,3.7,0,0,6.4,0,1,0,0,0,synth_benign_0177,benign_synth_0177.exe
1,1,1,0,1,0,1,0,1,23.5,19.1,10.5,6.0,11.9,1,1,0,5,1,synth_ransom_0184,ransom_synth_0184.exe
0,0,0,0,0,0,0,1,0,6.8,0,0,0.6,2.5,0,0,1,1,0,synth_benign_0136,benign_synth_0136.exe
1,0,1,1,1,1,1,0,1,14.0,19.5,11.7,6.4,23.2,1,1,0,1,1,synth_ransom_0199,ransom_synth_0199.exe
0,0,0,0,0,0,0,0,0,7.0,1.2,0,0.2,2.7,1,0,0,1,0,synth_benign_0171,benign_synth_0171.exe
1,0,1,1,1,1,1,1,1,17.8,26.9,17.8,8.9,12.5,0,1,1,5,1,synth_ransom_0067,ransom_synth_0067.exe
0,0,0,0,0,0,0,0,0,3.6,2.3,0,0,3.4,0,0,0,0,0,synth_benign_0039,benign_synth_0039.exe
0,0,0,1,0,0,0,0,0,5.2,4.3,0.2,0.2,6.2,0,0,0,0,0,synth_benign_0108,benign_synth_0108.exe
1,0,0,1,1,1,0,1,0,24.0,27.0,12.7,11.2,19.7,0,1,0,2,1,synth_ransom_0173,ransom_synth_0173.exe
0,0,0,0,0,0,0,0,0,8.3,1.6,0.6,0,3.3,0,0,0,1,0,synth_benign_0100,benign_synth_0100.exe
1,0,1,1,1,0,1,0,0,15.9,17.3,13.2,12.8,9.2,1,1,1,1,1,synth_ransom_0112,ransom_synth_0112.exe
0,0,0,0,0,0,0,0,0,3.8,3.2,0.7,1.1,5.3,0,1,0,0,0,synth_benign_0059,benign_synth_0059.exe
0,0,0,0,0,0,0,0,0,8.9,3.4,0.3,0.2,5.2,0,0,0,0,0,synth_benign_0149,benign_synth_0149.exe
0,0,0,0,0,0,0,0,0,8.4,2.9,0.5,0.1,6.3,0,0,0,0,0,synth_benign_0024,benign_synth_0024.exe
1,1,1,1,1,1,0,1,1,27.7,12.1,16.8,8.6,13.4,0,1,0,5,1,synth_ransom_0176,ransom_synth_0176.exe
0,0,0,1,0,0,0,0,0,4.2,1.5,0,0.1,1.3,0,0,0,1,0,synth_benign_0040,benign_synth_0040.exe
0,1,1,1,1,1,0,1,1,28.1,27.8,11.9,11.3,17.1,1,1,1,2,1,synth_ransom_0098,ransom_synth_0098.exe
1,1,1,1,1,0,0,0,1,29.9,22.2,10.0,6.0,21.7,0,0,0,1,1,synth_ransom_0147,ransom_synth_0147.exe
1,1,1,1,1,0,1,1,1,14.8,24.6,13.8,10.2,11.3,0,1,1,1,1,synth_ransom_0082,ransom_synth_0082.exe
0,0,0,0,0,0,0,0,0,7.7,0.4,0.6,0.1,5.1,0,0,0,0,0,synth_benign_0176,benign_synth_0176.exe
0,0,0,0,0,0,0,0,0,2.9,3.5,0.2,0,1.5,0,0,0,0,0,synth_benign_0195,benign_synth_0195.exe
0,0,0,0,0,0,0,0,0,5.4,1.3,0.1,0,3.4,0,0,0,0,0,synth_benign_0029,benign_synth_0029.exe
1,1,1,0,1,0,0,0,1,31.4,20.3,16.9,7.4,15.9,0,0,1,2,1,synth_ransom_0177,ransom_synth_0177.exe
0,0,0,0,0,0,0,0,0,1.3,0.6,0.1,0.3,6.3,0,1,0,0,0,synth_benign_0130,benign_synth_0130.exe
0,0,0,0,0,0,0,0,0,6.6,2.3,0.4,0,3.7,0,0,0,1,0,synth_benign_0118,benign_synth_0118.exe
0,0,0,0,0,0,0,0,0,13.6,1.5,0.3,0,5.1,0,0,0,0,0,synth_benign_0161,benign_synth_0161.exe
0,0,0,0,0,0,0,0,0,9.5,3.1,0.7,0.9,4.3,0,0,0,0,0,synth_benign_0184,benign_synth_0184.exe
1,0,0,0,0,0,0,0,0,6.5,2.6,0.4,0.4,6.0,0,0,0,1,0,synth_benign_0187,benign_synth_0187.exe
0,0,0,0,0,0,0,0,0,7.0,2.1,0,0,5.8,0,0,0,1,0,synth_benign_0013,benign_synth_0013.exe
0,0,0,0,0,0,0,0,0,7.2,2.2,0,0.7,5.9,0,0,0,1,0,synth_benign_0131,benign_synth_0131.exe
1,1,1,1,1,0,0,1,1,27.8,24.5,18.5,10.3,11.7,0,1,0,5,1,synth_ransom_0137,ransom_synth_0137.exe
1,1,1,0,1,0,1,1,1,21.4,14.1,18.5,4.5,24.8,1,1,1,4,1,synth_ransom_0032,ransom_synth_0032.exe
0,0,0,0,0,0,0,0,0,9.2,2.8,0.6,0.2,4.6,0,0,0,0,0,synth_benign_0158,benign_synth_0158.exe
1,0,0,1,1,1,0,1,1,26.2,19.9,17.2,10.2,26.4,0,1,0,5,1,synth_ransom_0161,ransom_synth_0161.exe
0,0,0,0,0,0,0,0,0,0.9,2.1,0.1,0.7,3.7,0,0,1,1,0,synth_benign_0095,benign_synth_0095.exe
0,0,0,0,0,0,0,0,0,9.4,2.6,1.4,0.5,2.2,0,0,0,0,0,synth_benign_0186,benign_synth_0186.exe
1,1,1,1,1,1,1,1,1,27.4,16.3,5.8,7.0,14.3,1,1,1,4,1,synth_ransom_0009,ransom_synth_0009.exe
0,0,0,0,0,0,0,0,0,7.4,2.8,0.7,0,2.5,0,0,0,0,0,synth_benign_0070,benign_synth_0070.exe
1,1,0,1,1,0,0,1,1,18.8,13.9,17.5,5.8,24.2,0,1,0,4,1,synth_ransom_0031,ransom_synth_0031.exe
1,0,1,1,1,1,0,0,1,22.6,12.9,15.6,7.2,15.8,1,1,1,5,1,synth_ransom_0118,ransom_synth_0118.exe
0,0,0,0,1,0,0,0,0,2.3,2.7,0.7,0.7,3.8,0,0,0,0,0,synth_benign_0155,benign_synth_0155.exe
0,0,0,0,0,0,0,0,0,4.9,3.4,0.6,0,5.9,0,0,1,1,0,synth_benign_0147,benign_synth_0147.exe
0,0,0,0,0,0,0,0,0,3.9,0.3,0,0.5,4.5,0,1,0,1,0,synth_benign_0113,benign_synth_0113.exe
0,0,0,0,0,0,0,0,0,3.9,1.8,0.2,0.1,6.4,0,0,0,0,0,synth_benign_0102,benign_synth_0102.exe
0,0,0,0,0,0,0,0,0,4.8,2.2,0,0,1.1,0,0,0,1,0,synth_benign_0062,benign_synth_0062.exe
0,0,0,0,0,0,0,1,0,9.3,1.6,0.9,0.4,5.0,0,0,0,0,0,synth_benign_0181,benign_synth_0181.exe
0,0,0,0,0,0,0,0,0,4.6,3.6,1.2,0.3,7.2,0,0,0,1,0,synth_benign_0004,benign_synth_0004.exe
0,1,0,0,0,0,0,0,1,6.2,4.1,0,0.1,4.0,0,0,0,0,0,synth_benign_0049,benign_synth_0049.exe
0,1,1,0,1,1,1,0,1,14.4,21.9,13.7,6.7,20.2,1,1,1,2,1,synth_ransom_0018,ransom_synth_0018.exe
1,1,1,0,0,1,1,0,1,16.6,20.3,10.8,6.1,17.2,1,0,0,2,1,synth_ransom_0148,ransom_synth_0148.exe
0,0,0,0,1,0,0,0,0,4.2,1.9,0.0,0.2,3.1,0,0,0,1,0,synth_benign_0083,benign_synth_0083.exe
0,0,0,0,1,0,0,0,0,2.5,3.3,0.3,0.4,3.9,0,1,0,1,0,synth_benign_0105,benign_synth_0105.exe
0,0,1,0,0,0,0,0,0,5.1,2.1,0,0.1,3.0,0,0,0,0,0,synth_benign_0096,benign_synth_0096.exe
0,0,0,0,0,0,0,0,0,6.2,2.1,0,0.3,1.9,0,1,0,0,0,synth_benign_0053,benign_synth_0053.exe
0,0,0,0,1,0,0,0,0,3.3,2.6,0,0.4,3.2,1,0,1,0,0,synth_benign_0012,benign_synth_0012.exe
0,0,0,0,0,0,0,0,0,0,0.3,1.0,0.3,3.6,0,0,0,1,0,synth_benign_0021,benign_synth_0021.exe
0,0,0,0,0,0,0,1,0,7.7,3.4,0.9,0,3.5,0,0,0,0,0,synth_benign_0122,benign_synth_0122.exe
1,1,1,0,1,1,0,1,1,6.5,14.7,5.3,7.7,17.9,0,1,0,3,1,synth_ransom_0052,ransom_synth_0052.exe
0,1,1,1,0,1,1,1,1,21.4,24.6,17.2,7.2,19.3,1,1,1,1,1,synth_ransom_0004,ransom_synth_0004.exe
1,1,1,1,1,1,1,0,1,17.9,22.1,12.4,13.2,13.3,1,1,1,1,1,synth_ransom_0170,ransom_synth_0170.exe
1,1,0,1,1,1,1,1,1,18.7,22.9,21.0,11.2,9.4,0,1,0,5,1,synth_ransom_0026,ransom_synth_0026.exe
0,0,0,0,1,0,0,0,0,12.7,2.7,0.6,0,0,0,0,0,0,0,synth_benign_0000,benign_synth_0000.exe
0,0,0,0,0,0,0,0,0,6.5,1.5,0.7,0,1.9,0,0,0,1,0,synth_benign_0091,benign_synth_0091.exe
1,1,1,1,0,1,0,0,1,29.3,24.2,13.0,15.2,16.2,0,1,1,5,1,synth_ransom_0150,ransom_synth_0150.exe
1,1,1,0,1,0,1,1,0,26.2,21.3,10.4,9.5,18.3,1,1,1,2,1,synth_ransom_0103,ransom_synth_0103.exe
1,0,1,1,1,1,1,0,1,25.0,19.4,12.6,4.9,15.7,1,1,1,3,1,synth_ransom_0124,ransom_synth_0124.exe
0,0,0,0,0,0,0,0,0,8.9,2.0,0,0.7,6.7,0,0,0,1,0,synth_benign_0099,benign_synth_0099.exe
0,0,0,0,0,0,0,0,0,3.4,3.3,0.2,0,2.2,0,0,0,0,0,synth_benign_0030,benign_synth_0030.exe
1,1,0,1,1,0,1,0,1,25.0,20.1,11.9,8.6,18.3,0,1,0,5,1,synth_ransom_0010,ransom_synth_0010.exe
0,0,0,0,0,0,0,0,0,6.7,1.7,0,0,2.7,0,0,0,1,0,synth_benign_0041,benign_synth_0041.exe
0,0,0,0,0,0,0,0,0,2.1,2.6,0,0.0,2.6,0,0,0,0,0,synth_benign_0048,benign_synth_0048.exe
0,0,0,0,1,0,0,0,0,2.4,1.1,0.5,0.6,1.8,0,0,0,1,0,synth_benign_0027,benign_synth_0027.exe
0,0,0,0,0,0,0,0,0,8.3,3.5,0.9,0.6,3.8,0,0,0,1,0,synth_benign_0159,benign_synth_0159.exe
0,0,0,0,0,0,0,0,0,3.2,4.3,0,0.8,6.9,0,0,0,1,0,synth_benign_0178,benign_synth_0178.exe
1,1,1,0,1,1,0,1,1,22.6,25.1,13.0,8.2,19.0,1,1,1,2,1,synth_ransom_0078,ransom_synth_0078.exe
1,1,1,1,1,0,1,1,1,27.4,17.7,17.1,2,21.6,1,0,1,1,1,synth_ransom_0085,ransom_synth_0085.exe
1,1,1,0,1,1,1,0,1,28.1,21.6,11.9,9.9,18.1,1,1,0,4,1,synth_ransom_0059,ransom_synth_0059.exe
1,1,1,1,1,0,1,1,1,28.1,25.1,7.5,9.1,16.3,1,0,0,3,1,synth_ransom_0011,ransom_synth_0011.exe
0,0,0,0,0,0,0,0,0,3.2,3.2,0.3,0.5,5.2,0,0,0,0,0,synth_benign_0016,benign_synth_0016.exe
0,0,0,0,0,0,0,0,0,6.6,1.2,0,0.0,1.5,0,0,0,0,0,synth_benign_0042,benign_synth_0042.exe
1,0,0,0,1,0,1,1,1,28.5,19.0,9.3,7.4,17.5,1,1,0,1,1,synth_ransom_0075,ransom_synth_0075.exe
0,0,0,0,0,0,0,0,0,5.0,1.1,0,0,4.0,0,0,0,0,0,synth_benign_0037,benign_synth_0037.exe
1,1,0,1,0,1,1,0,1,27.4,18.3,14.2,6.1,15.7,1,0,1,1,1,synth_ransom_0154,ransom_synth_0154.exe
1,1,0,0,1,1,1,0,1,30.7,11.1,12.8,14.2,6.0,1,0,1,3,1,synth_ransom_0044,ransom_synth_0044.exe
1,1,1,0,1,0,1,0,1,19.8,20.0,18.0,6.3,18.5,1,1,1,4,1,synth_ransom_0097,ransom_synth_0097.exe
0,0,0,0,1,0,0,0,0,9.4,3.2,1.2,0.1,3.3,0,0,0,0,0,synth_benign_0075,benign_synth_0075.exe
1,0,0,1,1,0,0,0,0,4.6,2.9,1.1,0.2,4.3,0,0,0,0,0,synth_benign_0120,benign_synth_0120.exe
0,0,0,0,0,0,0,0,0,5.7,1.0,0.9,0.4,5.0,0,0,0,1,0,synth_benign_0023,benign_synth_0023.exe
1,1,1,0,1,1,1,1,1,16.9,12.9,10.5,11.6,15.1,1,1,1,2,1,synth_ransom_0123,ransom_synth_0123.exe
0,0,0,0,0,0,0,0,0,6.1,2.5,0.4,0.5,7.4,0,0,1,1,0,synth_benign_0199,benign_synth_0199.exe
1,1,0,1,1,1,0,0,1,25.3,22.6,8.9,11.4,16.4,1,1,1,5,1,synth_ransom_0074,ransom_synth_0074.exe
0,0,0,0,0,0,0,0,0,4.1,2.2,0.1,0.4,3.7,0,0,0,1,0,synth_benign_0132,benign_synth_0132.exe
1,0,1,1,1,0,0,0,1,24.8,15.9,26.0,4.0,11.3,0,0,0,1,1,synth_ransom_0102,ransom_synth_0102.exe
0,0,0,1,0,0,0,0,0,4.3,2.0,0,0.2,2.2,0,1,0,0,0,synth_benign_0157,benign_synth_0157.exe
1,1,1,1,1,0,1,1,1,13.3,18.6,15.8,12.9,15.7,1,1,1,5,1,synth_ransom_0262,ransom_synth_0262.exe
0,0,0,0,0,0,0,0,0,0,2.7,0,0,8.5,0,0,0,1,0,synth_benign_0122,benign_synth_0122.exe
1,0,1,1,1,0,1,1,1,16.8,11.7,12.5,11.6,20.1,1,0,1,3,1,synth_ransom_0226,ransom_synth_0226.exe
1,0,1,0,1,1,1,0,1,15.1,14.1,12.0,12.0,18.5,1,1,1,1,1,synth_ransom_0069,ransom_synth_0069.exe
0,0,0,0,0,0,0,0,0,3.6,3.7,0.6,0.3,0.8,0,0,0,1,0,synth_benign_0062,benign_synth_0062.exe
1,1,1,1,1,0,1,0,1,35.4,19.3,17.4,6.0,9.0,1,1,1,3,1,synth_ransom_0066,ransom_synth_0066.exe
1,1,1,1,1,0,1,1,1,24.2,16.1,19.8,9.3,22.4,1,0,1,2,1,synth_ransom_0296,ransom_synth_0296.exe
1,0,1,0,1,1,0,0,1,19.2,24.6,10.8,8.1,11.2,1,1,1,4,1,synth_ransom_0115,ransom_synth_0115.exe
1,1,1,1,1,0,1,1,0,16.0,9.5,12.1,8.4,16.0,0,1,1,3,1,synth_ransom_0079,ransom_synth_0079.exe
1,1,0,1,1,1,0,0,1,27.8,19.8,12.2,7.1,3.2,1,1,1,2,1,synth_ransom_0157,ransom_synth_0157.exe
0,0,0,0,1,0,0,0,0,6.0,2.4,0.1,0.6,5.3,0,1,1,1,0,synth_benign_0112,benign_synth_0112.exe
1,1,1,0,1,1,1,1,0,25.6,13.1,5.0,8.6,18.9,0,1,1,5,1,synth_ransom_0200,ransom_synth_0200.exe
0,0,0,0,0,0,0,0,0,6.3,1.6,1.6,0.4,4.4,0,1,0,0,0,synth_benign_0288,benign_synth_0288.exe
0,0,0,1,0,0,0,0,0,8.0,2.6,0.4,0,2.9,0,0,0,1,0,synth_benign_0053,benign_synth_0053.exe
0,1,1,0,1,0,1,0,1,20.1,19.2,15.6,10.9,18.5,0,1,0,2,1,synth_ransom_0122,ransom_synth_0122.exe
0,0,0,0,1,0,0,0,0,0,2.3,0.5,0.1,3.8,0,0,0,1,0,synth_benign_0189,benign_synth_0189.exe
0,0,0,0,0,0,0,0,0,4.2,1.3,0.4,0,2.1,0,0,0,1,0,synth_benign_0192,benign_synth_0192.exe
1,1,1,0,1,1,0,1,1,22.6,25.1,13.0,8.2,19.0,1,1,1,2,1,synth_ransom_0078,ransom_synth_0078.exe
1,0,1,1,1,0,1,1,0,18.2,13.7,12.0,8.8,16.7,1,1,1,1,1,synth_ransom_0008,ransom_synth_0008.exe
0,0,0,0,0,0,0,1,0,9.6,3.8,0.6,0,5.2,1,0,0,0,0,synth_benign_0201,benign_synth_0201.exe
0,0,0,0,0,0,0,0,0,3.6,1.9,0.5,0.6,4.0,0,0,0,0,0,synth_benign_0059,benign_synth_0059.exe
1,1,1,1,1,1,1,1,1,28.9,16.7,7.9,9.1,7.7,1,1,1,2,1,synth_ransom_0136,ransom_synth_0136.exe
1,1,0,1,1,1,1,0,1,20.8,24.9,14.3,9.5,21.9,1,1,1,4,1,synth_ransom_0246,ransom_synth_0246.exe
1,1,1,0,1,1,0,0,1,24.1,20.0,14.6,6.0,18.2,1,1,0,2,1,synth_ransom_0149,ransom_synth_0149.exe
1,1,1,1,1,1,1,0,1,17.9,22.1,12.4,13.2,13.3,1,1,1,1,1,synth_ransom_0170,ransom_synth_0170.exe
1,1,1,1,1,0,1,0,1,22.1,16.5,17.5,5.5,18.3,1,1,0,1,1,synth_ransom_0192,ransom_synth_0192.exe
0,0,0,0,0,0,0,0,0,10.8,1.5,0.1,0.4,7.1,0,0,0,1,0,synth_benign_0253,benign_synth_0253.exe
0,0,0,0,0,0,0,0,0,7.4,1.1,0,0.4,4.1,0,0,0,1,0,synth_benign_0005,benign_synth_0005.exe
0,0,0,0,0,0,0,0,0,7.6,3.0,0.1,0.1,4.8,0,0,0,0,0,synth_benign_0193,benign_synth_0193.exe
1,1,0,1,1,0,0,1,1,18.8,13.9,17.5,5.8,24.2,0,1,0,4,1,synth_ransom_0031,ransom_synth_0031.exe
1,1,1,0,1,1,0,1,1,30.3,5.5,19.1,13.1,11.1,1,1,1,1,1,synth_ransom_0158,ransom_synth_0158.exe
1,0,0,1,1,1,0,1,1,15.3,18.0,11.9,5.9,15.2,0,1,1,2,1,synth_ransom_0235,ransom_synth_0235.exe
1,1,1,0,1,1,1,1,1,29.0,21.8,26.4,4.7,14.8,1,1,0,2,1,synth_ransom_0250,ransom_synth_0250.exe
0,0,0,0,0,0,0,0,0,4.2,2.5,0.1,0.1,2.3,0,0,0,1,0,synth_benign_0084,benign_synth_0084.exe
1,0,1,1,1,0,0,1,0,22.3,34.1,16.0,13.6,22.2,1,1,0,3,1,synth_ransom_0248,ransom_synth_0248.exe
0,0,0,0,0,0,0,0,0,5.4,2.3,0.1,0.9,5.8,0,0,0,0,0,synth_benign_0081,benign_synth_0081.exe
1,1,0,1,1,0,0,1,1,28.1,15.1,14.6,4.0,11.8,1,1,0,2,1,synth_ransom_0159,ransom_synth_0159.exe
0,0,0,0,0,0,0,0,0,4.9,3.4,0.9,0.1,3.0,0,0,0,1,0,synth_benign_0282,benign_synth_0282.exe
0,0,0,0,1,0,0,0,0,7.1,2.0,0.1,0,6.9,0,0,1,0,0,synth_benign_0175,benign_synth_0175.exe
0,0,0,0,1,0,0,0,0,4.7,0.9,0.1,0.8,3.1,0,0,0,1,0,synth_benign_0026,benign_synth_0026.exe
0,0,0,0,0,0,0,0,0,8.6,2.8,0,0.2,6.3,0,0,0,1,0,synth_benign_0200,benign_synth_0200.exe
1,1,0,1,1,1,0,0,1,25.4,25.0,13.0,7.1,6.8,0,1,0,2,1,synth_ransom_0141,ransom_synth_0141.exe
1,0,1,1,1,1,0,0,1,28.5,29.8,6.0,11.7,18.4,1,1,1,2,1,synth_ransom_0088,ransom_synth_0088.exe
0,0,0,0,0,0,0,0,0,0.5,2.0,1.3,0.2,5.0,0,0,0,1,0,synth_benign_0065,benign_synth_0065.exe
1,1,1,1,1,1,1,1,1,24.5,12.5,10.6,7.8,21.6,1,1,0,3,1,synth_ransom_0197,ransom_synth_0197.exe
0,0,0,0,0,0,0,0,0,5.7,2.6,0,0.5,4.2,0,0,0,1,0,synth_benign_0143,benign_synth_0143.exe
0,0,0,0,0,0,0,0,0,6.0,2.3,1.3,0,3.3,0,0,0,1,0,synth_benign_0186,benign_synth_0186.exe
0,0,0,0,0,0,0,0,0,6.3,1.2,0.0,0.3,3.4,0,0,0,1,0,synth_benign_0276,benign_synth_0276.exe
1,1,0,1,0,1,1,0,1,27.4,18.3,14.2,6.1,15.7,1,0,1,1,1,synth_ransom_0154,ransom_synth_0154.exe
1,1,0,1,1,0,1,0,1,25.0,20.1,11.9,8.6,18.3,0,1,0,5,1,synth_ransom_0010,ransom_synth_0010.exe
0,0,0,1,1,0,0,0,0,7.4,2.2,0.3,0.3,2.3,0,0,0,0,0,synth_benign_0046,benign_synth_0046.exe
1,1,0,1,1,1,1,1,0,19.5,10.9,12.6,10.8,20.0,0,1,0,2,1,synth_ransom_0217,ransom_synth_0217.exe
0,0,0,0,1,0,0,0,0,8.0,1.4,0,0.2,3.6,0,0,0,1,0,synth_benign_0025,benign_synth_0025.exe
0,0,0,0,1,0,0,0,0,3.3,0.5,0.6,0.3,4.5,0,0,0,1,0,synth_benign_0168,benign_synth_0168.exe
0,0,0,0,0,0,0,0,0,2.1,1.3,0,0.4,6.3,0,0,0,1,0,synth_benign_0027,benign_synth_0027.exe
1,0,1,1,1,0,1,0,1,23.2,5,11.3,8.4,20.3,1,1,1,1,1,synth_ransom_0239,ransom_synth_0239.exe
1,1,1,1,1,1,1,0,1,34.6,14.8,18.9,13.8,29.0,0,1,1,5,1,synth_ransom_0095,ransom_synth_0095.exe
0,1,1,1,0,1,1,1,1,21.4,24.6,17.2,7.2,19.3,1,1,1,1,1,synth_ransom_0004,ransom_synth_0004.exe
0,0,0,0,1,0,0,0,0,13.9,3.5,0.8,0.5,6.2,0,0,0,1,0,synth_benign_0229,benign_synth_0229.exe
0,1,1,1,1,1,1,0,1,27.8,22.2,9.8,6.9,13.4,0,1,0,4,1,synth_ransom_0128,ransom_synth_0128.exe
1,1,1,1,1,0,0,1,0,24.3,18.9,8.2,7.4,14.8,1,1,0,2,1,synth_ransom_0269,ransom_synth_0269.exe
0,1,1,1,1,1,1,1,1,27.1,14.1,12.7,6.6,12.1,1,1,0,2,1,synth_ransom_0153,ransom_synth_0153.exe
1,1,1,1,1,1,1,0,1,26.0,25.4,14.6,4.8,14.4,1,1,1,1,1,synth_ransom_0211,ransom_synth_0211.exe
1,1,1,1,1,0,1,1,1,28.1,25.1,7.5,9.1,16.3,1,0,0,3,1,synth_ransom_0011,ransom_synth_0011.exe
0,0,0,0,0,0,0,0,0,6.4,2.6,0,0,7.4,0,0,0,1,0,synth_benign_0289,benign_synth_0289.exe
1,1,0,0,1,1,1,0,1,27.5,14.8,12.9,8.0,12.9,1,0,1,4,1,synth_ransom_0274,ransom_synth_0274.exe
1,1,1,0,1,1,1,0,1,32.6,25.0,11.3,5.0,9.6,1,1,1,5,1,synth_ransom_0234,ransom_synth_0234.exe
0,0,0,0,0,0,0,0,0,6.8,3.2,0.1,0.5,3.7,0,0,0,1,0,synth_benign_0102,benign_synth_0102.exe
0,0,0,0,0,0,0,0,0,4.9,2.0,0,0.1,0.3,0,0,1,0,0,synth_benign_0012,benign_synth_0012.exe
0,1,1,1,1,1,0,1,1,21.2,10.3,13.9,2.6,21.0,1,0,1,2,1,synth_ransom_0119,ransom_synth_0119.exe
0,0,0,1,1,0,0,0,0,6.2,2.0,0,0.7,5.0,0,0,0,1,0,synth_benign_0149,benign_synth_0149.exe
0,0,0,0,0,0,0,0,0,7.3,2.1,0.7,0,4.1,0,1,0,0,0,synth_benign_0016,benign_synth_0016.exe
0,0,0,0,0,0,0,0,0,2.9,0.7,0.3,0.9,7.9,0,0,0,0,0,synth_benign_0234,benign_synth_0234.exe
1,0,1,1,1,1,1,0,1,14.0,19.5,11.7,6.4,23.2,1,1,0,1,1,synth_ransom_0199,ransom_synth_0199.exe
0,0,0,0,0,0,0,0,0,0,2.3,0,0.6,3.1,0,0,0,0,0,synth_benign_0252,benign_synth_0252.exe
1,1,1,1,1,0,0,1,1,20.5,17.4,11.0,13.6,17.9,1,1,1,5,1,synth_ransom_0251,ransom_synth_0251.exe
0,0,0,0,1,0,0,1,0,3.8,2.6,0,0.2,2.1,0,0,0,1,0,synth_benign_0205,benign_synth_0205.exe
0,0,0,0,0,0,0,0,0,7.1,1.7,0,0,2.0,0,0,0,1,0,synth_benign_0092,benign_synth_0092.exe
1,1,1,1,1,1,1,1,1,42.4,25.1,11.9,13.7,22.9,0,1,1,3,1,synth_ransom_0005,ransom_synth_0005.exe
1,1,1,0,1,1,1,0,1,22.1,31.0,20.9,11.9,13.1,1,0,1,3,1,synth_ransom_0043,ransom_synth_0043.exe
1,1,0,1,1,0,1,1,1,29.1,15.5,21.0,11.6,21.2,0,1,0,5,1,synth_ransom_0201,ransom_synth_0201.exe
0,0,0,0,0,0,0,0,0,9.0,2.8,0.1,0.2,3.5,0,0,0,0,0,synth_benign_0163,benign_synth_0163.exe
0,0,0,0,0,0,0,0,0,7.6,0.9,0.1,0.8,3.2,0,0,0,0,0,synth_benign_0060,benign_synth_0060.exe
0,0,0,0,0,0,0,0,0,5.5,2.5,0.6,0,4.5,0,0,0,1,0,synth_benign_0017,benign_synth_0017.exe
0,0,0,0,0,0,0,0,0,6.0,4.3,0.5,0.2,7.0,0,0,0,1,0,synth_benign_0275,benign_synth_0275.exe
0,0,0,0,0,0,0,0,0,6.4,2.4,0.6,0,3.5,0,0,0,1,0,synth_benign_0050,benign_synth_0050.exe
1,1,1,1,1,1,1,1,1,31.5,16.8,10.8,8.4,25.8,0,1,1,4,1,synth_ransom_0139,ransom_synth_0139.exe
0,0,0,0,0,0,0,0,0,4.2,1.8,0.8,0.8,2.0,0,0,1,0,0,synth_benign_0007,benign_synth_0007.exe
0,1,0,1,1,0,1,1,1,30.6,17.2,18.6,8.1,14.5,1,1,1,5,1,synth_ransom_0202,ransom_synth_0202.exe
0,1,1,1,1,1,0,1,1,28.1,27.8,11.9,11.3,17.1,1,1,1,2,1,synth_ransom_0098,ransom_synth_0098.exe
0,0,0,0,0,0,0,0,0,8.3,2.0,0.4,0,3.0,0,0,0,0,0,synth_benign_0202,benign_synth_0202.exe
0,0,0,0,0,0,0,0,0,3.9,2.2,0.4,0.6,3.2,0,0,0,0,0,synth_benign_0136,benign_synth_0136.exe
0,0,0,0,0,0,0,0,0,3.7,1.9,0,0,2.4,0,0,1,1,0,synth_benign_0272,benign_synth_0272.exe
0,0,0,0,1,0,0,0,0,1.0,3.4,0,0.9,4.0,0,0,0,0,0,synth_benign_0068,benign_synth_0068.exe
1,1,1,1,1,1,0,1,0,8.8,19.0,13.2,8.2,14.1,0,1,1,3,1,synth_ransom_0219,ransom_synth_0219.exe
0,0,0,0,0,0,0,0,0,10.0,3.3,0.7,0.3,3.3,0,0,1,1,0,synth_benign_0057,benign_synth_0057.exe
1,1,0,1,1,0,1,0,0,22.5,9.0,17.1,4.5,13.1,0,1,1,3,1,synth_ransom_0106,ransom_synth_0106.exe
1,1,1,0,1,0,1,0,1,28.6,15.2,12.3,9.6,21.3,1,1,0,4,1,synth_ransom_0027,ransom_synth_0027.exe
0,0,0,0,0,0,0,0,0,3.4,1.8,0.1,0,4.8,0,1,0,1,0,synth_benign_0291,benign_synth_0291.exe
1,1,0,1,1,0,1,0,1,15.8,17.0,13.9,6.3,14.8,1,1,1,1,1,synth_ransom_0034,ransom_synth_0034.exe
0,0,0,0,1,0,0,0,0,5.8,2.4,0.6,0.2,2.7,0,0,0,1,0,synth_benign_0220,benign_synth_0220.exe
0,0,0,0,0,0,0,0,0,0,0.1,0.1,0.8,2.2,0,0,0,1,0,synth_benign_0074,benign_synth_0074.exe
0,0,0,0,1,0,0,0,0,4.1,1.0,0.2,0.6,2.9,0,0,0,0,0,synth_benign_0100,benign_synth_0100.exe
0,0,0,0,0,0,0,0,0,0.6,2.5,0.2,0.5,1.1,0,0,0,1,0,synth_benign_0270,benign_synth_0270.exe
1,1,1,0,1,1,1,0,0,20.4,21.5,12.8,13.1,22.5,1,1,0,3,1,synth_ransom_0242,ransom_synth_0242.exe
0,0,0,0,0,0,0,0,0,4.2,2.1,1.7,0.6,5.0,0,1,0,1,0,synth_benign_0000,benign_synth_0000.exe
0,0,0,0,0,0,0,1,0,7.6,2.1,1.2,0,3.5,0,0,0,0,0,synth_benign_0210,benign_synth_0210.exe
1,1,1,0,1,0,1,1,0,26.2,21.3,10.4,9.5,18.3,1,1,1,2,1,synth_ransom_0103,ransom_synth_0103.exe
0,0,0,0,0,0,0,0,0,7.4,0.7,0.4,0.3,6.4,0,0,0,0,0,synth_benign_0280,benign_synth_0280.exe
0,0,0,0,0,0,0,0,0,4.5,0.7,0.8,0,3.0,0,0,0,0,0,synth_benign_0055,benign_synth_0055.exe
1,0,1,1,1,0,1,0,0,15.9,17.3,13.2,12.8,9.2,1,1,1,1,1,synth_ransom_0112,ransom_synth_0112.exe
0,0,0,0,0,0,0,0,0,2.9,1.4,1.1,0.4,2.4,0,0,0,1,0,synth_benign_0116,benign_synth_0116.exe
0,0,0,0,0,0,0,0,0,2.4,2.5,0.0,0,2.8,0,0,0,0,0,synth_benign_0147,benign_synth_0147.exe
0,0,0,0,1,0,0,0,0,7.3,2.6,0.3,0,7.2,0,0,0,0,0,synth_benign_0180,benign_synth_0180.exe
0,0,0,1,0,0,0,0,0,0,2.9,0.6,0,3.9,0,0,0,0,0,synth_benign_0004,benign_synth_0004.exe
1,1,1,0,1,1,1,0,1,24.2,16.5,17.7,8.2,17.3,1,1,1,2,1,synth_ransom_0279,ransom_synth_0279.exe
1,1,0,0,1,1,1,0,1,30.7,11.1,12.8,14.2,6.0,1,0,1,3,1,synth_ransom_0044,ransom_synth_0044.exe
0,0,0,0,0,0,0,0,0,10.0,2.2,0.5,0.1,3.6,0,0,0,1,0,synth_benign_0127,benign_synth_0127.exe
0,0,0,0,0,0,0,0,0,6.3,2.7,0.8,0.1,4.0,0,1,0,1,0,synth_benign_0265,benign_synth_0265.exe
1,0,1,1,1,1,1,1,1,15.1,20.8,17.6,11.9,15.9,0,1,1,3,1,synth_ransom_0206,ransom_synth_0206.exe
0,1,1,1,1,0,1,0,1,16.9,17.9,8.7,4.7,15.8,1,1,1,2,1,synth_ransom_0155,ransom_synth_0155.exe
0,0,0,0,1,0,0,0,1,6.4,1.8,0.1,0.7,4.4,0,0,0,0,0,synth_benign_0035,benign_synth_0035.exe
0,0,0,0,0,0,0,0,1,5.6,1.7,0.4,0.1,5.6,0,0,0,1,0,synth_benign_0260,benign_synth_0260.exe
0,0,0,0,0,0,0,0,0,10.2,0.5,1.1,0.4,4.7,0,0,0,1,0,synth_benign_0213,benign_synth_0213.exe
1,1,1,1,1,0,1,1,1,26.6,34.0,17.5,6.0,15.4,0,1,1,1,1,synth_ransom_0273,ransom_synth_0273.exe
1,1,1,1,1,1,1,0,0,17.1,16.1,16.0,11.7,21.7,1,1,0,1,1,synth_ransom_0063,ransom_synth_0063.exe
1,1,1,0,1,0,1,1,1,27.4,5.6,12.4,3.8,14.9,1,1,1,3,1,synth_ransom_0207,ransom_synth_0207.exe
1,1,1,1,1,1,1,0,1,24.1,23.8,13.4,10.6,9.5,0,0,0,1,1,synth_ransom_0267,ransom_synth_0267.exe
1,1,1,1,1,1,1,0,0,20.5,16.9,12.2,9.0,15.6,0,1,1,3,1,synth_ransom_0151,ransom_synth_0151.exe
0,0,0,0,0,0,0,0,0,4.1,1.2,0,0.3,2.1,0,0,0,1,0,synth_benign_0052,benign_synth_0052.exe
0,1,0,1,1,1,0,0,1,22.9,16.0,15.0,11.2,17.8,0,0,0,5,1,synth_ransom_0231,ransom_synth_0231.exe
0,1,1,1,1,1,1,1,1,21.1,16.9,13.3,8.7,18.8,1,1,1,3,1,synth_ransom_0175,ransom_synth_0175.exe
0,0,0,0,0,0,0,0,0,8.9,0.1,0.8,0.3,5.5,1,0,0,0,0,synth_benign_0063,benign_synth_0063.exe
0,0,0,0,0,0,0,0,0,4.8,1.7,0.5,0.2,2.5,0,0,0,0,0,synth_benign_0006,benign_synth_0006.exe
0,0,0,0,0,0,0,0,0,4.3,2.5,0.1,0.0,5.0,0,0,0,0,0,synth_benign_0051,benign_synth_0051.exe
1,1,1,1,1,0,0,1,0,21.7,19.2,19.6,8.6,19.6,1,1,0,3,1,synth_ransom_0284,ransom_synth_0284.exe
1,0,0,1,1,0,1,1,1,18.0,18.4,5.0,7.3,15.1,1,1,1,5,1,synth_ransom_0100,ransom_synth_0100.exe
1,1,1,0,1,0,1,1,1,25.1,26.3,12.0,8.1,18.9,1,1,0,2,1,synth_ransom_0156,ransom_synth_0156.exe
0,0,0,0,0,0,0,0,0,8.5,1.7,0.9,0,4.2,0,0,0,1,0,synth_benign_0091,benign_synth_0091.exe
1,1,0,1,1,1,0,0,1,25.3,22.6,8.9,11.4,16.4,1,1,1,5,1,synth_ransom_0074,ransom_synth_0074.exe
0,0,0,0,0,0,0,0,0,9.8,2.2,0,0.0,1.6,0,0,0,0,0,synth_benign_0184,benign_synth_0184.exe
0,0,0,0,1,0,0,0,0,5.4,1.9,0.5,0,4.9,0,0,0,1,0,synth_benign_0290,benign_synth_0290.exe
1,1,0,1,1,0,0,1,1,14.0,17.9,19.6,4.5,10.3,1,1,1,2,1,synth_ransom_0046,ransom_synth_0046.exe
0,0,0,1,1,0,0,0,0,8.4,2.3,0,0.4,5.5,0,0,0,0,0,synth_benign_0274,benign_synth_0274.exe
0,0,0,0,0,0,0,0,0,3.2,1.0,0,0,5.3,0,0,0,0,0,synth_benign_0142,benign_synth_0142.exe
1,0,0,0,1,0,1,1,1,23.1,12.2,13.0,12.5,26.4,1,1,0,5,1,synth_ransom_0089,ransom_synth_0089.exe
0,0,1,1,1,1,1,0,1,15.2,12.9,19.6,4.3,8.2,1,0,0,4,1,synth_ransom_0272,ransom_synth_0272.exe
1,1,1,0,1,0,1,0,1,19.8,20.0,18.0,6.3,18.5,1,1,1,4,1,synth_ransom_0097,ransom_synth_0097.exe
1,1,1,1,1,1,0,0,1,8.9,24.4,7.9,9.4,23.7,1,1,1,4,1,synth_ransom_0295,ransom_synth_0295.exe
0,1,1,1,1,0,1,1,1,12.9,14.4,3.2,9.7,16.0,1,1,0,5,1,synth_ransom_0281,ransom_synth_0281.exe
0,0,0,0,1,0,0,0,0,6.3,3.1,0,0,3.9,0,0,0,0,0,synth_benign_0020,benign_synth_0020.exe
0,0,0,1,0,0,0,0,0,1.8,1.2,0,0,3.9,0,0,0,1,0,synth_benign_0212,benign_synth_0212.exe
1,1,1,0,1,0,0,1,1,18.0,16.0,13.4,7.1,18.4,1,1,0,3,1,synth_ransom_0053,ransom_synth_0053.exe
0,0,0,0,0,0,0,0,0,4.4,1.0,0,0.1,0.3,0,1,0,0,0,synth_benign_0239,benign_synth_0239.exe
0,0,0,0,1,0,0,0,0,1.9,2.6,0,0.2,4.4,0,0,0,0,0,synth_benign_0089,benign_synth_0089.exe
0,0,0,0,0,0,0,0,0,1.9,3.8,0.0,0.6,2.3,0,0,0,0,0,synth_benign_0195,benign_synth_0195.exe
0,0,0,1,0,0,0,0,0,4.6,1.8,0.2,0.3,4.8,0,0,0,0,0,synth_benign_0287,benign_synth_0287.exe
1,1,1,1,1,0,0,1,1,26.1,18.7,13.1,9.0,18.3,1,1,1,1,1,synth_ransom_0000,ransom_synth_0000.exe
0,0,0,1,0,0,0,0,0,7.5,3.3,0.4,0,4.9,0,0,0,1,0,synth_benign_0042,benign_synth_0042.exe
0,0,0,0,0,0,0,0,0,6.3,2.5,0.5,1.0,7.2,0,0,0,0,0,synth_benign_0235,benign_synth_0235.exe
1,1,1,1,1,1,1,0,1,8.9,25.4,8.7,4.3,14.7,0,1,1,4,1,synth_ransom_0222,ransom_synth_0222.exe
1,1,1,0,1,1,1,1,1,17.0,18.1,17.4,7.3,15.4,0,0,1,2,1,synth_ransom_0182,ransom_synth_0182.exe
1,0,0,1,1,1,0,1,0,24.0,27.0,12.7,11.2,19.7,0,1,0,2,1,synth_ransom_0173,ransom_synth_0173.exe
1,1,1,1,1,1,1,0,0,28.4,12.3,12.3,9.8,19.5,1,1,1,4,1,synth_ransom_0033,ransom_synth_0033.exe
0,0,0,0,1,0,0,0,0,8.3,1.6,0.8,0,7.5,0,0,0,1,0,synth_benign_0123,benign_synth_0123.exe
0,0,0,0,0,0,0,1,0,7.2,2.2,0.6,0,3.5,0,0,0,0,0,synth_benign_0258,benign_synth_0258.exe
1,1,1,1,1,1,1,0,1,24.7,24.7,12.4,11.6,12.2,1,1,1,3,1,synth_ransom_0047,ransom_synth_0047.exe
0,0,0,0,0,0,0,0,0,5.2,1.1,0.2,0,2.8,0,0,0,0,0,synth_benign_0111,benign_synth_0111.exe
1,1,0,1,1,0,1,1,1,28.6,18.1,11.2,7.6,16.9,0,1,0,3,1,synth_ransom_0038,ransom_synth_0038.exe
1,1,0,1,1,1,1,0,0,23.4,25.5,17.4,5.4,21.3,1,1,1,1,1,synth_ransom_0120,ransom_synth_0120.exe
0,0,0,0,0,0,0,0,0,5.7,3.4,0.5,0.1,6.1,0,0,0,0,0,synth_benign_0019,benign_synth_0019.exe
1,1,0,1,1,1,1,1,1,30.3,10.8,15.2,10.4,16.2,1,1,0,3,1,synth_ransom_0276,ransom_synth_0276.exe
0,0,0,0,0,0,0,0,0,4.6,0.2,0.9,0.2,0,0,0,0,0,0,synth_benign_0076,benign_synth_0076.exe
1,1,1,1,1,0,1,0,1,16.5,23.1,22.3,12.0,17.5,0,1,0,1,1,synth_ransom_0254,ransom_synth_0254.exe
1,1,1,0,1,0,0,0,1,20.6,10.5,18.5,9.6,24.6,0,1,0,5,1,synth_ransom_0096,ransom_synth_0096.exe
0,0,0,0,0,0,0,0,0,4.6,1.2,0.2,0.1,2.8,0,0,0,0,0,synth_benign_0179,benign_synth_0179.exe
0,0,0,0,0,0,0,0,0,5.7,2.4,0,0,5.3,0,0,0,0,0,synth_benign_0133,benign_synth_0133.exe
0,0,0,0,1,0,0,1,0,2.9,1.4,0.0,0,1.8,0,0,0,1,0,synth_benign_0128,benign_synth_0128.exe
1,1,0,1,1,1,1,1,1,22.3,20.3,13.0,13.2,12.8,1,1,0,1,1,synth_ransom_0002,ransom_synth_0002.exe
0,0,0,0,0,0,0,0,0,2.7,0.5,0.4,0.6,5.5,0,0,0,1,0,synth_benign_0183,benign_synth_0183.exe
0,0,0,0,0,0,0,0,0,9.9,2.0,0,0.6,5.3,0,1,0,1,0,synth_benign_0243,benign_synth_0243.exe
0,0,0,0,0,0,0,0,0,7.7,1.3,0.2,0.7,5.6,0,0,0,0,0,synth_benign_0221,benign_synth_0221.exe
1,1,1,1,1,1,1,0,1,20.1,28.3,14.3,9.3,22.6,1,1,1,5,1,synth_ransom_0277,ransom_synth_0277.exe
1,1,0,0,1,0,0,0,1,27.0,14.1,9.5,8.1,16.7,1,0,1,5,1,synth_ransom_0169,ransom_synth_0169.exe
0,0,0,0,0,0,0,0,0,6.2,1.8,0,0.7,4.3,0,0,0,1,0,synth_benign_0160,benign_synth_0160.exe
0,1,1,1,1,0,1,0,0,32.3,20.5,13.0,11.8,19.8,1,1,1,1,1,synth_ransom_0048,ransom_synth_0048.exe
0,0,0,0,0,0,0,0,0,5.6,1.4,0.6,0,7.5,0,0,0,1,0,synth_benign_0241,benign_synth_0241.exe
1,1,1,1,1,0,1,1,1,24.5,15.5,13.7,11.4,20.4,1,1,1,3,1,synth_ransom_0236,ransom_synth_0236.exe
0,0,0,0,0,0,0,0,0,7.3,3.3,0.7,0.4,5.7,0,1,1,1,0,synth_benign_0094,benign_synth_0094.exe
1,1,1,0,1,0,0,1,1,13.6,18.1,19.7,9.4,10.0,1,1,1,3,1,synth_ransom_0025,ransom_synth_0025.exe
0,0,0,0,0,0,0,0,0,4.7,2.0,0.2,0,5.1,0,0,1,1,0,synth_benign_0119,benign_synth_0119.exe
0,0,0,0,0,0,0,0,0,4.5,2.9,0.6,0.0,3.5,0,0,0,1,0,synth_benign_0249,benign_synth_0249.exe
1,1,0,1,1,0,0,0,1,29.2,19.7,15.0,7.3,17.0,1,1,0,1,1,synth_ransom_0080,ransom_synth_0080.exe
1,0,0,0,0,0,0,1,0,10.7,3.1,0,0,6.3,0,0,0,0,0,synth_benign_0152,benign_synth_0152.exe
0,0,0,0,0,0,0,0,0,11.1,2.7,0,0.5,1.3,0,0,0,0,0,synth_benign_0281,benign_synth_0281.exe
0,1,1,0,1,1,1,0,1,14.4,21.9,13.7,6.7,20.2,1,1,1,2,1,synth_ransom_0018,ransom_synth_0018.exe
0,0,0,0,0,0,0,0,0,1.8,1.8,0,1.2,3.0,0,0,0,1,0,synth_benign_0030,benign_synth_0030.exe
1,1,1,1,1,1,1,1,1,16.6,17.0,11.9,12.4,15.9,1,0,1,2,1,synth_ransom_0131,ransom_synth_0131.exe
0,0,0,0,0,0,0,0,0,4.4,2.0,0.4,0,2.8,0,0,0,0,0,synth_benign_0172,benign_synth_0172.exe
0,0,0,0,0,0,0,0,0,7.0,2.4,0,0,2.6,0,0,0,1,0,synth_benign_0105,benign_synth_0105.exe
0,0,0,0,1,0,0,0,0,7.5,2.5,0,0.3,5.8,0,0,0,0,0,synth_benign_0106,benign_synth_0106.exe
0,0,0,0,0,0,0,0,0,9.2,2.5,0.5,0.2,8.7,0,0,0,0,0,synth_benign_0158,benign_synth_0158.exe
0,0,0,0,0,0,0,0,0,8.0,1.5,1.1,0.2,6.3,0,0,1,0,0,synth_benign_0078,benign_synth_0078.exe
1,0,1,0,1,0,1,1,1,15.1,21.0,17.5,6.7,19.8,1,1,1,4,1,synth_ransom_0129,ransom_synth_0129.exe
0,0,0,0,1,0,0,1,0,8.3,0,0.3,0,4.5,0,0,0,0,0,synth_benign_0096,benign_synth_0096.exe
1,1,1,1,1,0,1,1,0,24.9,7.3,25.3,7.7,29.8,0,1,1,3,1,synth_ransom_0083,ransom_synth_0083.exe
1,1,1,0,1,1,1,1,0,29.8,22.0,13.3,7.1,12.1,0,1,0,1,1,synth_ransom_0019,ransom_synth_0019.exe
1,1,0,1,1,0,0,1,1,16.3,20.3,13.6,9.0,8.1,0,0,0,5,1,synth_ransom_0186,ransom_synth_0186.exe
1,1,1,1,0,1,0,0,1,19.4,31.0,21.1,7.2,18.9,1,0,1,3,1,synth_ransom_0056,ransom_synth_0056.exe
0,1,1,0,1,0,1,1,1,17.0,16.8,14.9,11.2,17.4,0,0,0,2,1,synth_ransom_0203,ransom_synth_0203.exe
0,0,0,0,1,0,0,0,0,0,1.6,0,0.7,7.4,0,0,0,1,0,synth_benign_0198,benign_synth_0198.exe
0,0,0,0,0,0,0,0,0,7.1,0,0,0.4,1.9,0,0,0,1,0,synth_benign_0269,benign_synth_0269.exe
0,0,0,0,0,0,0,0,0,1.5,2.4,0.2,0,1.2,0,0,0,1,0,synth_benign_0146,benign_synth_0146.exe
0,0,0,0,0,0,0,0,0,3.8,1.0,0,0.4,3.1,0,1,0,0,0,synth_benign_0029,benign_synth_0029.exe
1,1,1,1,0,1,0,0,1,27.8,18.3,4.2,9.2,17.0,1,1,0,5,1,synth_ransom_0029,ransom_synth_0029.exe
0,0,0,0,0,0,0,0,0,4.1,0.3,0,0,5.9,0,0,0,0,0,synth_benign_0182,benign_synth_0182.exe
0,0,0,0,0,0,0,0,0,4.5,1.5,0.6,0.8,0.4,0,0,0,1,0,synth_benign_0226,benign_synth_0226.exe
1,1,0,1,1,1,0,1,1,29.8,17.3,12.8,7.2,12.7,1,1,1,3,1,synth_ransom_0071,ransom_synth_0071.exe
1,0,1,1,1,1,1,0,1,17.4,27.4,13.1,8.2,20.5,1,1,1,1,1,synth_ransom_0035,ransom_synth_0035.exe
0,0,0,0,0,0,0,0,0,4.4,2.3,0.3,0,3.9,0,0,0,0,0,synth_benign_0293,benign_synth_0293.exe
1,0,0,0,0,0,0,0,0,0.4,0.9,0.7,0.6,5.0,0,0,0,0,0,synth_benign_0171,benign_synth_0171.exe
0,0,0,0,0,0,0,1,0,8.3,1.2,0.7,0,7.7,0,0,0,0,0,synth_benign_0043,benign_synth_0043.exe
0,0,1,1,1,1,1,1,1,16.2,20.1,12.4,9.1,16.0,1,1,1,1,1,synth_ransom_0126,ransom_synth_0126.exe
0,0,0,1,0,0,0,0,0,6.8,2.2,0.5,0.2,4.8,0,0,0,0,0,synth_benign_0237,benign_synth_0237.exe
1,1,1,1,0,0,0,0,1,20.6,8.7,11.3,10.8,24.5,0,1,1,4,1,synth_ransom_0237,ransom_synth_0237.exe
0,1,1,1,1,0,0,0,1,19.0,24.1,18.7,7.3,20.1,0,1,1,2,1,synth_ransom_0030,ransom_synth_0030.exe
0,0,0,0,0,0,0,0,1,6.2,2.9,0,0.0,6.4,0,1,1,1,0,synth_benign_0039,benign_synth_0039.exe
0,0,0,0,1,0,0,1,0,5.9,1.6,0.1,0.3,5.5,0,0,1,1,0,synth_benign_0095,benign_synth_0095.exe
0,0,0,0,0,0,0,0,0,2.2,3.3,1.2,1.1,3.1,0,0,0,0,0,synth_benign_0298,benign_synth_0298.exe
0,0,0,0,0,0,0,0,0,6.9,1.8,0,0.2,1.5,0,0,0,0,0,synth_benign_0292,benign_synth_0292.exe
0,0,0,0,1,0,0,0,1,7.0,1.9,0.2,0.3,5.4,0,0,0,0,0,synth_benign_0153,benign_synth_0153.exe
1,1,1,1,1,1,0,1,1,27.0,15.5,9.6,11.0,16.5,1,0,1,4,1,synth_ransom_0116,ransom_synth_0116.exe
0,0,0,0,0,0,0,1,0,2.9,0,0.7,0.6,2.8,0,0,1,0,0,synth_benign_0194,benign_synth_0194.exe
0,0,0,0,1,0,0,0,0,1.9,3.0,0.4,0,4.5,0,0,0,1,0,synth_benign_0299,benign_synth_0299.exe
0,0,0,0,0,0,0,0,0,1.3,3.2,0.4,0.3,0,0,0,0,0,0,synth_benign_0073,benign_synth_0073.exe
0,0,1,0,1,1,1,1,1,16.7,8.4,15.3,7.5,23.4,0,0,1,4,1,synth_ransom_0113,ransom_synth_0113.exe
1,1,1,1,1,1,1,1,1,20.0,22.6,20.5,8.3,20.0,0,1,1,2,1,synth_ransom_0187,ransom_synth_0187.exe
1,1,0,1,1,0,1,0,0,26.7,12.6,18.3,7.0,10.7,1,1,1,5,1,synth_ransom_0109,ransom_synth_0109.exe
1,1,1,0,1,0,1,1,1,29.9,18.7,10.1,4.6,16.3,1,0,0,1,1,synth_ransom_0293,ransom_synth_0293.exe
1,1,0,1,1,1,1,0,1,25.2,17.1,16.5,7.6,13.9,0,1,0,3,1,synth_ransom_0290,ransom_synth_0290.exe
1,1,1,0,1,1,0,1,1,6.5,14.7,5.3,7.7,17.9,0,1,0,3,1,synth_ransom_0052,ransom_synth_0052.exe
1,1,1,1,1,1,1,1,1,16.1,13.2,15.2,10.0,5.7,1,1,1,5,1,synth_ransom_0094,ransom_synth_0094.exe
1,1,0,0,1,1,1,0,0,19.4,24.8,12.2,7.9,16.5,0,1,1,3,1,synth_ransom_0006,ransom_synth_0006.exe
1,1,1,1,1,0,0,1,1,29.1,12.3,7.2,11.2,22.8,1,1,1,1,1,synth_ransom_0210,ransom_synth_0210.exe
0,1,0,1,1,1,1,1,1,10.8,20.0,20.4,8.7,12.6,0,0,1,2,1,synth_ransom_0213,ransom_synth_0213.exe
0,0,0,0,0,0,0,0,0,9.1,1.2,0,0,1.4,0,1,0,0,0,synth_benign_0080,benign_synth_0080.exe
1,1,1,1,1,0,1,1,1,30.2,15.8,16.6,12.2,17.5,1,0,1,3,1,synth_ransom_0001,ransom_synth_0001.exe
0,0,0,0,0,0,0,0,0,5.5,2.7,0,0,5.6,0,0,0,1,0,synth_benign_0207,benign_synth_0207.exe
1,1,1,0,1,0,1,0,1,28.5,11.8,11.3,8.2,17.9,1,1,0,4,1,synth_ransom_0204,ransom_synth_0204.exe
0,0,0,0,0,0,0,0,0,5.0,3.6,0.2,0.1,6.9,0,0,0,1,0,synth_benign_0117,benign_synth_0117.exe
1,1,1,1,1,0,1,1,0,32.3,23.2,19.4,12.7,18.0,1,0,1,4,1,synth_ransom_0138,ransom_synth_0138.exe
1,1,1,1,1,1,1,0,1,30.2,28.9,15.7,9.0,23.0,1,1,1,1,1,synth_ransom_0228,ransom_synth_0228.exe
1,1,1,0,1,1,0,0,1,19.8,18.4,15.6,6.4,11.7,0,1,0,3,1,synth_ransom_0245,ransom_synth_0245.exe
0,1,1,0,1,1,1,0,1,25.0,17.8,16.1,7.9,21.1,1,0,0,2,1,synth_ransom_0020,ransom_synth_0020.exe
1,1,1,0,1,1,0,0,1,23.1,21.8,21.5,6.5,19.5,1,0,0,5,1,synth_ransom_0014,ransom_synth_0014.exe
0,0,0,0,0,0,0,0,0,13.8,1.7,0.9,0.3,3.2,1,0,0,0,0,synth_benign_0120,benign_synth_0120.exe
0,1,1,1,1,0,1,1,1,24.0,13.1,16.6,12.7,11.2,1,1,0,3,1,synth_ransom_0105,ransom_synth_0105.exe
0,0,0,0,0,0,0,0,0,11.6,1.5,0.2,0.3,4.4,0,0,0,1,0,synth_benign_0077,benign_synth_0077.exe
1,1,0,0,1,1,1,1,0,20.1,13.3,6.2,5.0,14.2,0,0,0,5,1,synth_ransom_0072,ransom_synth_0072.exe
1,0,1,1,1,1,1,1,1,22.9,19.0,9.2,7.1,15.0,1,0,1,3,1,synth_ransom_0278,ransom_synth_0278.exe
0,0,0,0,0,0,0,0,0,6.3,1.5,0,0.1,0.9,0,0,0,1,0,synth_benign_0190,benign_synth_0190.exe
0,0,0,0,0,0,0,0,0,5.8,2.3,0.1,0,2.4,0,0,0,1,0,synth_benign_0165,benign_synth_0165.exe
1,1,0,1,1,1,0,1,1,31.1,20.2,17.6,9.4,22.9,0,1,1,5,1,synth_ransom_0132,ransom_synth_0132.exe
0,0,0,0,1,0,0,0,0,6.3,2.3,0.1,0.5,4.6,0,0,0,1,0,synth_benign_0041,benign_synth_0041.exe
1,1,1,0,0,0,0,0,1,20.1,11.9,13.2,11.5,20.3,0,1,1,2,1,synth_ransom_0086,ransom_synth_0086.exe
0,0,0,0,0,0,0,0,0,6.9,2.2,0.6,0.3,4.6,0,0,0,1,0,synth_benign_0138,benign_synth_0138.exe
0,0,0,0,0,0,0,0,0,9.7,1.4,0.6,0.6,6.1,0,0,0,1,0,synth_benign_0008,benign_synth_0008.exe
1,1,1,1,1,1,1,1,1,26.9,11.3,4.7,9.3,21.3,1,1,1,4,1,synth_ransom_0249,ransom_synth_0249.exe
0,0,0,1,1,1,0,0,1,18.9,12.8,11.2,7.9,11.3,1,0,1,5,1,synth_ransom_0140,ransom_synth_0140.exe
1,1,1,1,1,0,0,0,1,29.9,22.2,10.0,6.0,21.7,0,0,0,1,1,synth_ransom_0147,ransom_synth_0147.exe
0,0,0,0,0,0,0,0,0,2.7,3.8,0.4,0.4,2.4,0,0,0,1,0,synth_benign_0141,benign_synth_0141.exe
1,1,1,1,1,0,1,1,1,18.5,14.3,15.0,8.8,19.1,1,1,1,2,1,synth_ransom_0084,ransom_synth_0084.exe
1,1,1,1,1,1,1,1,1,25.1,24.1,11.3,7.0,17.2,0,1,1,4,1,synth_ransom_0145,ransom_synth_0145.exe
1,1,1,0,1,0,0,0,1,31.4,20.3,16.9,7.4,15.9,0,0,1,2,1,synth_ransom_0177,ransom_synth_0177.exe
0,0,0,0,0,0,0,0,0,3.9,0.5,0,0.5,4.3,0,1,0,1,0,synth_benign_0227,benign_synth_0227.exe
0,0,0,0,0,0,0,0,0,0.3,1.3,0,0,4.2,0,1,1,0,0,synth_benign_0262,benign_synth_0262.exe
1,1,1,1,1,0,0,0,1,30.1,20.0,14.4,8.5,18.6,1,0,1,2,1,synth_ransom_0142,ransom_synth_0142.exe
0,0,0,0,0,0,0,0,0,6.2,1.4,0.7,0,7.1,0,0,1,1,0,synth_benign_0199,benign_synth_0199.exe
0,0,0,0,0,0,0,0,0,1.6,2.6,0.8,0.2,2.5,0,1,0,0,0,synth_benign_0047,benign_synth_0047.exe
1,1,1,1,1,1,1,1,1,14.7,20.5,15.8,7.9,14.9,1,0,1,5,1,synth_ransom_0107,ransom_synth_0107.exe
1,1,1,1,1,0,0,1,1,23.8,13.7,16.2,8.6,18.5,1,0,0,2,1,synth_ransom_0021,ransom_synth_0021.exe
0,0,0,0,0,0,0,0,0,1.9,2.7,0.1,0.2,3.3,0,0,0,0,0,synth_benign_0188,benign_synth_0188.exe
1,1,1,1,1,1,1,1,1,19.6,17.0,6.1,10.6,15.6,1,1,1,4,1,synth_ransom_0091,ransom_synth_0091.exe
1,1,0,1,1,0,1,0,1,31.1,28.3,13.4,6.4,16.2,1,1,1,2,1,synth_ransom_0163,ransom_synth_0163.exe
1,1,1,0,1,0,1,1,1,23.9,17.7,15.0,13.2,13.0,1,0,1,4,1,synth_ransom_0196,ransom_synth_0196.exe
1,1,1,0,1,1,1,1,1,26.7,16.3,9.0,12.2,11.6,1,1,0,4,1,synth_ransom_0165,ransom_synth_0165.exe
0,0,0,0,0,0,0,0,0,7.2,4.4,0.9,0,1.0,0,0,0,0,0,synth_benign_0072,benign_synth_0072.exe
0,0,0,0,0,0,0,0,0,3.1,1.8,0.3,0.4,5.6,0,0,0,1,0,synth_benign_0245,benign_synth_0245.exe
0,0,0,0,1,0,0,0,0,4.0,1.4,0.1,0.3,4.1,0,0,1,1,0,synth_benign_0257,benign_synth_0257.exe
0,0,0,0,1,0,0,0,0,8.7,1.8,0,0,6.3,0,0,0,0,0,synth_benign_0196,benign_synth_0196.exe
0,0,0,0,1,0,0,0,0,7.0,1.2,0,0.2,2.5,0,1,1,1,0,synth_benign_0216,benign_synth_0216.exe
1,1,1,0,1,1,1,1,1,32.2,14.9,11.8,8.2,12.0,1,1,1,1,1,synth_ransom_0288,ransom_synth_0288.exe
1,1,0,0,1,1,1,0,1,26.3,19.2,16.6,6.3,18.4,0,1,0,4,1,synth_ransom_0024,ransom_synth_0024.exe
0,0,0,0,0,0,0,0,0,9.1,1.4,0.4,0.6,3.9,0,0,0,1,0,synth_benign_0145,benign_synth_0145.exe
1,1,1,1,1,0,1,1,1,20.7,21.7,13.9,9.1,12.8,1,1,0,5,1,synth_ransom_0252,ransom_synth_0252.exe
1,1,0,0,1,0,0,1,1,13.7,22.0,13.8,10.2,11.9,0,1,0,1,1,synth_ransom_0152,ransom_synth_0152.exe
0,0,0,0,0,0,0,0,0,5.0,2.5,0.3,0.3,2.0,0,0,0,0,0,synth_benign_0107,benign_synth_0107.exe
1,1,1,1,1,1,1,1,1,27.9,22.5,11.3,8.1,22.1,1,0,0,3,1,synth_ransom_0049,ransom_synth_0049.exe
0,1,0,0,1,1,1,0,1,20.5,24.6,15.8,8.2,7.7,1,1,1,2,1,synth_ransom_0143,ransom_synth_0143.exe
0,0,0,0,0,0,0,0,0,4.8,2.9,0,0.2,2.5,0,0,0,0,0,synth_benign_0013,benign_synth_0013.exe
1,0,1,0,1,0,0,1,1,14.5,15.0,22.2,10.2,9.1,1,1,0,4,1,synth_ransom_0090,ransom_synth_0090.exe
1,0,1,0,1,1,0,0,0,12.2,16.4,18.9,11.4,21.1,1,0,0,4,1,synth_ransom_0224,ransom_synth_0224.exe
1,1,1,1,1,1,1,0,0,25.2,19.0,13.4,7.4,20.7,1,1,0,4,1,synth_ransom_0164,ransom_synth_0164.exe
1,1,1,1,1,0,0,0,1,27.4,14.4,5.7,9.5,14.3,1,1,0,5,1,synth_ransom_0194,ransom_synth_0194.exe
0,0,0,0,0,0,0,0,0,3.0,2.8,0.4,0.0,3.2,0,0,0,1,0,synth_benign_0058,benign_synth_0058.exe
1,1,1,1,1,1,1,1,1,28.5,17.9,20.2,10.3,23.3,1,1,1,5,1,synth_ransom_0189,ransom_synth_0189.exe
0,0,0,0,0,0,0,1,0,10.4,2.1,0,0.3,2.2,0,0,0,1,0,synth_benign_0088,benign_synth_0088.exe
0,0,0,0,0,0,0,0,0,10.7,1.6,0,0.2,6.5,0,0,0,1,0,synth_benign_0003,benign_synth_0003.exe
1,1,1,1,1,0,1,0,1,26.3,22.8,8.2,9.1,17.3,1,1,1,5,1,synth_ransom_0003,ransom_synth_0003.exe
1,1,1,1,1,1,0,1,1,28.5,28.8,16.1,3.4,17.6,0,1,1,1,1,synth_ransom_0077,ransom_synth_0077.exe
0,0,0,0,0,0,0,0,0,9.3,3.5,0,0.4,0.1,0,0,0,0,0,synth_benign_0219,benign_synth_0219.exe
0,0,0,0,0,0,0,0,0,8.3,2.9,0.4,0.6,3.1,0,0,0,1,0,synth_benign_0156,benign_synth_0156.exe
0,0,0,0,0,0,0,0,0,2.1,1.9,0,0.0,4.9,0,0,0,0,0,synth_benign_0001,benign_synth_0001.exe
0,1,0,1,1,1,1,0,1,38.8,11.9,14.9,10.8,11.7,0,1,0,3,1,synth_ransom_0093,ransom_synth_0093.exe
1,0,1,0,1,0,1,1,1,13.9,12.9,12.6,7.4,16.8,0,1,1,5,1,synth_ransom_0068,ransom_synth_0068.exe
1,0,1,1,1,1,1,0,1,18.2,22.7,23.0,9.4,21.4,1,1,1,2,1,synth_ransom_0244,ransom_synth_0244.exe
0,0,0,0,1,0,0,0,0,10.8,1.5,0.3,0.6,2.4,0,0,1,1,0,synth_benign_0170,benign_synth_0170.exe
0,0,0,0,0,0,0,0,0,6.9,0.9,0.9,0,4.4,0,0,0,1,0,synth_benign_0244,benign_synth_0244.exe
1,1,1,1,1,0,0,1,1,14.8,22.4,11.8,10.1,23.8,0,1,0,5,1,synth_ransom_0230,ransom_synth_0230.exe
0,0,0,0,0,0,0,0,0,12.6,2.7,0,0.6,1.5,0,0,0,0,0,synth_benign_0246,benign_synth_0246.exe
0,0,0,1,1,0,0,1,0,4.8,2.2,0,0,4.0,0,0,0,1,0,synth_benign_0086,benign_synth_0086.exe
0,0,0,0,1,0,0,0,0,3.3,1.9,0.9,0,3.8,0,0,0,1,0,synth_benign_0038,benign_synth_0038.exe
0,0,0,0,1,0,0,1,0,3.0,2.0,0,0.1,3.9,0,0,0,0,0,synth_benign_0295,benign_synth_0295.exe
1,0,1,1,1,1,1,0,1,18.5,18.6,9.6,12.0,11.7,0,1,1,2,1,synth_ransom_0023,ransom_synth_0023.exe
0,0,0,0,0,0,0,0,1,3.0,0.8,0.0,1.1,4.3,0,0,0,1,0,synth_benign_0209,benign_synth_0209.exe
0,0,0,0,0,0,0,0,0,3.0,1.5,0,0,8.7,0,1,0,0,0,synth_benign_0015,benign_synth_0015.exe
0,0,0,0,1,0,0,0,0,8.6,1.5,0,0,2.7,0,0,0,1,0,synth_benign_0164,benign_synth_0164.exe
0,0,0,0,0,0,0,0,0,7.5,1.0,0,0.4,3.1,0,0,0,1,0,synth_benign_0167,benign_synth_0167.exe
0,0,0,0,0,0,0,0,0,5.6,1.0,0,0,4.3,0,0,0,0,0,synth_benign_0031,benign_synth_0031.exe
1,1,1,1,1,0,1,0,1,24.6,13.3,6.2,7.7,5.8,1,1,0,1,1,synth_ransom_0172,ransom_synth_0172.exe
0,0,0,0,0,0,0,1,0,7.3,3.1,0,0,4.4,0,0,0,0,0,synth_benign_0069,benign_synth_0069.exe
0,0,0,0,0,0,0,0,0,10.4,1.7,0.3,0.7,4.4,0,1,0,0,0,synth_benign_0114,benign_synth_0114.exe
0,0,0,0,0,0,0,0,0,1.0,1.0,0,0,5.9,0,0,0,0,0,synth_benign_0155,benign_synth_0155.exe
1,1,1,1,1,1,1,0,1,15.5,17.2,15.8,10.1,7.5,0,1,1,4,1,synth_ransom_0285,ransom_synth_0285.exe
1,1,1,0,1,0,1,0,0,11.5,14.7,15.0,5.9,10.1,1,1,0,2,1,synth_ransom_0205,ransom_synth_0205.exe
0,0,0,0,0,0,0,0,0,7.4,2.8,0,0.4,3.6,0,0,0,1,0,synth_benign_0238,benign_synth_0238.exe
1,1,0,1,1,0,1,1,1,27.0,25.1,13.6,10.5,13.0,0,0,1,2,1,synth_ransom_0181,ransom_synth_0181.exe
1,1,1,1,1,1,0,1,1,20.5,16.4,12.6,14.5,18.6,0,1,0,1,1,synth_ransom_0216,ransom_synth_0216.exe
1,0,0,1,1,1,0,1,1,29.2,22.2,17.7,9.0,10.0,1,1,1,2,1,synth_ransom_0198,ransom_synth_0198.exe
1,1,1,1,1,0,1,0,1,24.4,16.1,11.9,6.4,19.7,1,1,1,1,1,synth_ransom_0271,ransom_synth_0271.exe
0,0,0,0,0,0,0,0,1,3.6,2.0,0.5,0.6,6.2,1,0,0,0,0,synth_benign_0215,benign_synth_0215.exe
1,0,1,1,1,1,1,1,1,17.8,26.9,17.8,8.9,12.5,0,1,1,5,1,synth_ransom_0067,ransom_synth_0067.exe
0,0,0,0,0,0,0,1,0,3.4,1.4,0,0.5,3.0,0,0,0,0,0,synth_benign_0283,benign_synth_0283.exe
0,0,0,0,0,0,0,0,0,7.1,2.1,1.4,0,6.3,0,0,0,1,0,synth_benign_0297,benign_synth_0297.exe
0,0,0,0,1,0,0,1,0,9.6,2.4,0.0,0.5,5.9,0,0,0,1,0,synth_benign_0187,benign_synth_0187.exe
1,1,1,1,1,0,1,1,0,23.0,23.0,15.5,6.5,18.8,1,0,1,2,1,synth_ransom_0220,ransom_synth_0220.exe
0,0,0,0,0,0,0,1,0,3.6,2.0,0.6,0,2.5,0,0,0,1,0,synth_benign_0251,benign_synth_0251.exe
0,0,0,0,0,0,0,0,0,6.5,1.5,0.9,0,3.3,0,0,0,0,0,synth_benign_0082,benign_synth_0082.exe
0,1,0,0,1,1,0,1,1,18.0,18.0,20.7,9.5,8.5,1,1,1,1,1,synth_ransom_0051,ransom_synth_0051.exe
0,0,0,0,0,0,0,0,0,1.9,2.4,0.1,0.4,5.3,0,0,0,1,0,synth_benign_0248,benign_synth_0248.exe
0,0,0,0,0,0,0,0,0,11.5,1.3,0,0,3.5,0,0,0,0,0,synth_benign_0240,benign_synth_0240.exe
1,1,1,1,1,1,0,1,0,19.7,22.6,12.5,9.9,12.7,1,1,0,5,1,synth_ransom_0134,ransom_synth_0134.exe
0,0,0,0,0,0,0,0,0,7.3,3.0,0.6,0.8,5.7,0,0,0,1,0,synth_benign_0085,benign_synth_0085.exe
1,1,0,1,1,1,1,0,1,27.6,11.8,12.2,6.5,14.3,1,1,0,4,1,synth_ransom_0061,ransom_synth_0061.exe
1,1,1,1,1,0,1,1,1,27.4,17.7,17.1,2,21.6,1,0,1,1,1,synth_ransom_0085,ransom_synth_0085.exe
1,1,1,0,1,1,1,0,1,14.6,17.0,6.7,12.7,15.1,1,1,0,2,1,synth_ransom_0007,ransom_synth_0007.exe
0,0,0,0,0,0,0,0,0,5.3,1.5,0,0,0,0,0,0,1,0,synth_benign_0230,benign_synth_0230.exe
1,1,1,1,0,0,1,0,0,27.4,7.3,13.5,7.1,25.0,1,0,1,1,1,synth_ransom_0092,ransom_synth_0092.exe
1,1,1,1,1,0,1,0,0,18.9,22.0,18.9,11.5,12.1,1,1,1,3,1,synth_ransom_0101,ransom_synth_0101.exe
0,0,0,0,0,0,0,0,0,1.9,1.8,0,0.2,5.8,0,0,0,0,0,synth_benign_0023,benign_synth_0023.exe
1,1,1,1,1,1,1,0,1,17.5,14.8,19.1,11.8,19.9,1,0,1,1,1,synth_ransom_0253,ransom_synth_0253.exe
0,0,0,0,0,0,0,0,0,3.5,1.7,0.3,0.6,0,0,0,0,0,0,synth_benign_0115,benign_synth_0115.exe
1,0,0,0,1,0,1,1,1,28.5,19.0,9.3,7.4,17.5,1,1,0,1,1,synth_ransom_0075,ransom_synth_0075.exe
0,0,0,0,0,0,0,0,0,7.5,3.3,0.2,0.1,2.8,0,0,0,0,0,synth_benign_0110,benign_synth_0110.exe
1,1,0,1,1,0,1,0,1,27.6,15.1,16.6,8.7,16.2,1,1,0,4,1,synth_ransom_0215,ransom_synth_0215.exe
0,1,0,0,0,0,0,0,0,5.3,1.0,0.0,0,4.0,0,0,0,1,0,synth_benign_0098,benign_synth_0098.exe
1,1,0,1,1,0,1,1,1,14.8,14.3,19.2,10.7,12.5,1,1,0,5,1,synth_ransom_0041,ransom_synth_0041.exe
0,1,1,1,1,0,0,0,1,21.2,14.6,11.3,9.6,13.1,1,1,1,3,1,synth_ransom_0060,ransom_synth_0060.exe
0,0,0,0,0,0,0,0,0,0,2.7,1.3,1.0,4.1,0,0,0,1,0,synth_benign_0161,benign_synth_0161.exe
1,1,0,0,1,1,1,1,1,10.2,20.6,15.3,4.9,10.8,1,1,1,1,1,synth_ransom_0174,ransom_synth_0174.exe
1,1,0,1,1,1,1,0,1,23.3,17.6,18.7,4.0,17.9,1,1,1,2,1,synth_ransom_0146,ransom_synth_0146.exe
1,1,0,1,1,1,1,1,1,28.8,15.5,12.3,6.5,13.3,0,1,0,1,1,synth_ransom_0133,ransom_synth_0133.exe
0,0,0,0,0,0,0,0,0,1.2,3.1,0.4,0,2.4,0,0,0,1,0,synth_benign_0197,benign_synth_0197.exe
1,1,1,1,1,0,1,0,1,19.0,23.1,14.8,9.9,24.5,1,1,1,2,1,synth_ransom_0070,ransom_synth_0070.exe
0,0,0,0,0,0,0,0,0,9.6,1.2,1.1,0.3,0,0,0,0,1,0,synth_benign_0040,benign_synth_0040.exe
1,1,0,1,1,0,1,1,1,17.1,19.0,9.6,5.6,15.6,0,1,0,3,1,synth_ransom_0299,ransom_synth_0299.exe
0,0,0,0,0,0,0,0,0,5.0,2.6,0.5,0,4.3,0,0,0,1,0,synth_benign_0286,benign_synth_0286.exe
0,0,0,0,1,0,0,0,0,6.3,2.5,0.2,0,3.8,0,0,0,0,0,synth_benign_0181,benign_synth_0181.exe
1,1,1,1,1,1,1,1,1,16.8,10.8,10.0,9.3,15.4,1,1,0,5,1,synth_ransom_0125,ransom_synth_0125.exe
0,0,0,0,0,0,0,0,0,4.4,2.3,0,0.4,5.4,1,0,0,0,0,synth_benign_0130,benign_synth_0130.exe
1,1,1,1,1,0,0,0,1,25.3,18.9,9.6,6.0,15.0,1,1,1,5,1,synth_ransom_0064,ransom_synth_0064.exe
1,1,1,1,1,1,0,0,1,24.9,25.4,18.4,9.8,11.7,1,1,1,4,1,synth_ransom_0291,ransom_synth_0291.exe
0,0,0,0,0,0,0,0,0,8.3,0.6,0.5,0,2.9,0,0,0,0,0,synth_benign_0087,benign_synth_0087.exe
0,0,0,0,0,0,0,0,0,6.6,2.9,0.3,0.3,4.2,0,0,0,1,0,synth_benign_0131,benign_synth_0131.exe
1,1,0,1,1,1,0,1,1,32.8,20.6,18.2,14.8,16.7,0,1,1,5,1,synth_ransom_0229,ransom_synth_0229.exe
0,0,0,0,0,0,0,0,0,8.9,0,0.9,0,4.9,0,0,0,0,0,synth_benign_0225,benign_synth_0225.exe
0,0,0,0,0,0,0,0,0,10.0,0.5,0,0.0,2.6,0,0,0,1,0,synth_benign_0009,benign_synth_0009.exe
1,1,1,1,1,1,0,0,1,24.3,19.2,10.5,13.1,5.8,1,1,1,4,1,synth_ransom_0247,ransom_synth_0247.exe
0,0,0,0,0,0,0,0,1,5.4,0,0,0.7,2.4,0,0,0,0,0,synth_benign_0034,benign_synth_0034.exe
0,0,0,0,0,0,0,0,0,10.0,1.7,0,0.0,2.7,0,0,0,1,0,synth_benign_0285,benign_synth_0285.exe
0,0,0,0,0,0,0,0,0,8.5,2.1,0,0,9.6,0,0,0,0,0,synth_benign_0139,benign_synth_0139.exe
1,1,1,1,1,0,1,0,1,17.9,25.9,21.0,7.1,21.2,1,1,1,4,1,synth_ransom_0258,ransom_synth_0258.exe
0,1,1,1,1,1,1,0,1,29.2,17.3,16.7,8.9,20.8,0,1,1,1,1,synth_ransom_0286,ransom_synth_0286.exe
1,1,1,0,1,0,0,0,1,20.0,28.5,16.6,6.3,16.8,1,1,1,1,1,synth_ransom_0180,ransom_synth_0180.exe
0,0,0,0,0,0,0,0,0,2.4,2.2,0.5,0,3.6,0,0,0,1,0,synth_benign_0140,benign_synth_0140.exe
0,0,0,0,1,0,0,0,0,5.2,2.9,1.0,0.6,4.3,0,1,0,1,0,synth_benign_0126,benign_synth_0126.exe
1,1,1,1,1,1,1,0,1,17.3,12.2,13.7,7.7,23.0,1,1,1,5,1,synth_ransom_0209,ransom_synth_0209.exe
0,1,0,0,1,0,0,0,0,4.1,2.7,0,0.3,5.3,0,0,0,1,0,synth_benign_0129,benign_synth_0129.exe
0,0,0,0,0,0,0,0,0,3.3,4.1,0.5,0.5,3.4,0,0,0,1,0,synth_benign_0232,benign_synth_0232.exe
1,1,1,0,1,1,1,1,1,16.9,12.9,10.5,11.6,15.1,1,1,1,2,1,synth_ransom_0123,ransom_synth_0123.exe
0,0,0,0,0,0,0,0,0,0,1.3,0.8,0.3,5.7,0,0,0,0,0,synth_benign_0054,benign_synth_0054.exe
0,0,0,0,0,0,0,0,0,4.3,2.3,0,0,1.2,0,0,0,0,0,synth_benign_0242,benign_synth_0242.exe
0,0,0,0,1,0,0,0,0,11.3,2.2,0,0.2,1.1,0,0,0,1,0,synth_benign_0083,benign_synth_0083.exe
1,0,0,1,1,1,0,1,1,26.2,19.9,17.2,10.2,26.4,0,1,0,5,1,synth_ransom_0161,ransom_synth_0161.exe
0,0,1,0,1,0,0,0,0,6.9,1.8,0,0.8,6.5,0,0,0,1,0,synth_benign_0222,benign_synth_0222.exe
1,0,1,1,1,1,0,0,1,22.6,12.9,15.6,7.2,15.8,1,1,1,5,1,synth_ransom_0118,ransom_synth_0118.exe
1,1,0,1,1,1,1,0,1,17.3,14.8,19.8,9.6,10.3,1,1,1,1,1,synth_ransom_0185,ransom_synth_0185.exe
0,0,0,0,0,0,0,0,0,7.0,2.6,0.6,0,0,0,0,0,1,0,synth_benign_0093,benign_synth_0093.exe
0,0,0,0,0,0,0,0,0,2.0,2.7,0.0,0.8,4.8,0,0,0,0,0,synth_benign_0109,benign_synth_0109.exe
0,0,0,0,0,0,0,0,0,12.6,2.5,0,0.5,4.7,0,0,0,1,0,synth_benign_0162,benign_synth_0162.exe
0,0,1,1,1,1,1,0,1,20.6,15.2,20.9,11.6,14.8,0,1,1,4,1,synth_ransom_0168,ransom_synth_0168.exe
1,0,1,1,1,1,1,0,1,25.0,19.4,12.6,4.9,15.7,1,1,1,3,1,synth_ransom_0124,ransom_synth_0124.exe
0,0,0,0,0,0,0,0,0,9.1,3.1,0.1,0.1,7.9,0,0,0,0,0,synth_benign_0176,benign_synth_0176.exe
0,0,0,0,1,0,0,0,0,6.9,1.3,0,0,4.0,0,0,0,1,0,synth_benign_0135,benign_synth_0135.exe
0,1,1,0,0,0,0,0,1,12.5,11.6,14.6,13.4,12.8,1,1,1,4,1,synth_ransom_0099,ransom_synth_0099.exe
1,1,1,1,1,0,0,1,1,27.8,24.5,18.5,10.3,11.7,0,1,0,5,1,synth_ransom_0137,ransom_synth_0137.exe
1,1,1,1,1,1,1,0,1,23.3,5.9,3.9,5.1,7.1,0,1,1,3,1,synth_ransom_0162,ransom_synth_0162.exe
1,1,1,1,1,0,0,1,1,17.7,17.5,7.2,8.6,13.9,1,1,1,1,1,synth_ransom_0225,ransom_synth_0225.exe
0,0,0,0,0,0,0,0,0,6.2,2.3,0.1,0,2.8,0,0,0,1,0,synth_benign_0279,benign_synth_0279.exe
0,0,0,0,0,0,0,0,0,5.7,0.7,1.1,0.4,3.3,0,0,0,1,0,synth_benign_0294,benign_synth_0294.exe
0,0,0,1,0,0,0,0,0,9.7,1.4,0.2,0.7,1.9,0,0,0,1,0,synth_benign_0037,benign_synth_0037.exe
1,0,1,1,1,1,0,1,1,26.5,17.9,20.6,9.0,12.6,1,1,0,4,1,synth_ransom_0241,ransom_synth_0241.exe
0,0,0,0,0,0,0,0,1,6.3,1.2,0.4,0.7,4.6,0,1,0,0,0,synth_benign_0185,benign_synth_0185.exe
0,0,0,1,0,0,0,0,0,4.9,3.3,0.0,0.2,5.3,0,0,0,1,0,synth_benign_0296,benign_synth_0296.exe
0,0,0,0,0,0,0,0,0,0.1,1.1,0.4,0,3.5,0,0,0,1,0,synth_benign_0108,benign_synth_0108.exe
0,0,0,0,0,0,0,0,0,0,2.7,0.0,0,9.4,0,0,0,0,0,synth_benign_0268,benign_synth_0268.exe
0,0,0,1,0,0,0,0,0,5.4,1.5,0.6,0.7,2.6,0,0,0,1,0,synth_benign_0217,benign_synth_0217.exe
0,0,0,0,0,0,0,0,0,4.2,1.8,1.3,0.3,4.3,0,0,0,0,0,synth_benign_0132,benign_synth_0132.exe
0,0,0,0,1,0,0,0,0,6.8,4.0,0,0,5.1,0,0,0,1,0,synth_benign_0261,benign_synth_0261.exe
1,0,1,1,1,0,0,0,0,14.6,19.5,13.6,10.1,22.6,1,1,1,2,1,synth_ransom_0214,ransom_synth_0214.exe
0,0,0,0,1,0,0,0,0,7.5,1.5,0,0.1,0.9,0,0,0,0,0,synth_benign_0075,benign_synth_0075.exe
0,0,0,0,0,0,0,0,0,7.2,1.1,1.4,0.0,1.2,0,0,0,1,0,synth_benign_0263,benign_synth_0263.exe
0,0,0,0,1,0,0,0,0,7.3,2.8,0.8,0,4.7,0,0,0,0,0,synth_benign_0022,benign_synth_0022.exe
0,0,0,0,0,0,0,0,0,10.0,2.6,0,0.7,2.3,0,0,0,1,0,synth_benign_0284,benign_synth_0284.exe
0,0,1,0,1,1,1,0,1,27.5,18.4,19.0,6.3,20.5,0,1,1,4,1,synth_ransom_0257,ransom_synth_0257.exe
1,1,1,1,1,1,0,0,1,33.7,14.5,20.8,8.0,8.7,1,0,0,4,1,synth_ransom_0289,ransom_synth_0289.exe
1,1,1,1,1,0,0,1,1,23.7,21.7,11.5,5.4,18.3,0,1,1,4,1,synth_ransom_0114,ransom_synth_0114.exe
0,0,0,0,0,0,0,0,0,0.7,2.3,0.4,0,4.9,0,0,0,1,0,synth_benign_0203,benign_synth_0203.exe
1,0,1,1,1,1,1,1,1,34.9,24.9,16.7,5.6,34.8,1,1,1,2,1,synth_ransom_0040,ransom_synth_0040.exe
0,0,0,0,0,0,0,0,0,7.5,2.7,1.0,0.0,5.3,0,0,0,0,0,synth_benign_0032,benign_synth_0032.exe
0,0,0,0,0,0,0,0,0,8.4,0,0.6,0,5.1,1,0,0,0,0,synth_benign_0277,benign_synth_0277.exe
1,1,1,0,1,1,1,0,1,22.8,16.0,11.4,6.4,22.2,1,0,1,5,1,synth_ransom_0195,ransom_synth_0195.exe
0,0,0,0,0,0,0,0,0,3.2,3.4,0.0,0.1,4.5,0,0,0,1,0,synth_benign_0169,benign_synth_0169.exe
0,0,0,0,0,0,0,0,0,2.1,1.1,0.0,0.6,3.2,0,0,0,1,0,synth_benign_0071,benign_synth_0071.exe
0,0,0,0,1,0,0,0,0,5.4,1.6,0,0.2,2.9,0,0,0,0,0,synth_benign_0036,benign_synth_0036.exe
0,0,0,0,0,0,0,0,0,6.6,2.5,0,0.4,2.8,0,0,0,0,0,synth_benign_0214,benign_synth_0214.exe
1,0,1,1,1,1,1,0,0,30.5,21.9,6.2,8.0,16.0,1,1,1,2,1,synth_ransom_0298,ransom_synth_0298.exe
0,0,0,0,0,0,0,0,0,4.1,3.9,1.3,0.5,3.0,0,0,0,0,0,synth_benign_0125,benign_synth_0125.exe
1,1,1,1,1,0,0,1,1,27.0,20.3,12.4,12.3,22.0,0,0,1,5,1,synth_ransom_0193,ransom_synth_0193.exe
1,1,0,0,1,0,1,0,1,18.9,20.5,11.7,9.4,19.8,0,1,0,5,1,synth_ransom_0110,ransom_synth_0110.exe
1,1,1,1,1,1,0,1,1,27.7,12.1,16.8,8.6,13.4,0,1,0,5,1,synth_ransom_0176,ransom_synth_0176.exe
0,0,0,0,1,0,0,0,0,5.7,2.3,1.3,0,2.0,0,0,0,0,0,synth_benign_0064,benign_synth_0064.exe
1,1,1,0,1,1,1,1,1,31.8,13.5,15.2,10.6,22.3,1,0,1,5,1,synth_ransom_0297,ransom_synth_0297.exe
0,0,0,0,0,0,0,0,0,2.5,1.0,0,0,4.7,0,0,0,1,0,synth_benign_0101,benign_synth_0101.exe
1,1,1,1,1,1,0,1,1,11.6,23.0,16.0,7.4,12.1,1,1,1,3,1,synth_ransom_0260,ransom_synth_0260.exe
0,0,0,0,0,0,0,0,0,10.8,0.9,0.3,0.7,3.8,0,0,0,0,0,synth_benign_0079,benign_synth_0079.exe
0,0,0,0,0,0,0,0,0,2.3,1.8,0,0.5,4.8,0,0,0,1,0,synth_benign_0099,benign_synth_0099.exe
0,0,0,0,1,0,0,0,0,1.0,3.1,0.9,0.4,3.7,0,0,0,1,0,synth_benign_0066,benign_synth_0066.exe
0,0,0,0,0,0,0,0,0,6.1,4.1,0.3,0.2,3.1,0,0,0,1,0,synth_benign_0204,benign_synth_0204.exe
1,0,1,1,1,0,1,0,1,27.1,14.2,17.3,10.5,9.7,0,1,0,5,1,synth_ransom_0160,ransom_synth_0160.exe
0,0,0,0,0,0,0,0,0,9.6,2.1,1.0,0.2,6.4,0,0,0,1,0,synth_benign_0113,benign_synth_0113.exe
1,1,1,1,1,1,1,1,1,27.6,20.3,12.5,5.4,25.8,0,1,1,2,1,synth_ransom_0108,ransom_synth_0108.exe
0,0,0,0,0,0,0,0,0,5.9,0,0,0.0,2.6,0,0,0,1,0,synth_benign_0011,benign_synth_0011.exe
1,0,0,1,1,1,0,0,0,22.4,19.8,17.9,3.1,14.4,1,0,1,4,1,synth_ransom_0054,ransom_synth_0054.exe
1,1,0,1,0,1,1,1,1,21.8,14.5,9.7,8.1,19.6,1,1,1,2,1,synth_ransom_0013,ransom_synth_0013.exe
0,0,0,0,0,0,0,0,0,3.6,1.5,0.6,0,2.1,0,0,0,1,0,synth_benign_0267,benign_synth_0267.exe
0,1,0,0,1,0,0,0,0,3.9,2.4,0.0,0.3,4.4,0,0,0,0,0,synth_benign_0166,benign_synth_0166.exe
1,0,1,1,1,0,1,0,1,24.8,16.4,5.1,11.8,17.0,1,1,1,5,1,synth_ransom_0076,ransom_synth_0076.exe
1,1,1,0,0,1,1,0,1,16.6,20.3,10.8,6.1,17.2,1,0,0,2,1,synth_ransom_0148,ransom_synth_0148.exe
1,1,1,1,1,1,1,0,1,18.1,19.2,5.5,10.1,16.9,1,1,1,3,1,synth_ransom_0022,ransom_synth_0022.exe
0,0,0,0,0,0,0,0,0,1.9,4.6,0.5,0,6.2,0,1,0,0,0,synth_benign_0223,benign_synth_0223.exe
1,1,1,1,1,0,1,1,1,14.8,24.6,13.8,10.2,11.3,0,1,1,1,1,synth_ransom_0082,ransom_synth_0082.exe
0,0,0,0,0,0,0,0,0,8.0,4.3,0.4,0.6,6.4,0,0,0,0,0,synth_benign_0273,benign_synth_0273.exe
0,0,0,0,0,0,0,0,0,14.2,1.8,0,0,6.4,0,0,0,0,0,synth_benign_0018,benign_synth_0018.exe
0,0,0,0,1,0,0,0,1,9.4,1.9,0.5,0.3,2.0,0,0,0,1,0,synth_benign_0228,benign_synth_0228.exe
1,0,0,0,1,0,0,0,0,11.3,1.8,0,0,2.9,0,0,0,0,0,synth_benign_0211,benign_synth_0211.exe
1,1,1,1,1,1,1,1,0,30.9,18.4,12.4,7.9,5.3,1,1,0,3,1,synth_ransom_0191,ransom_synth_0191.exe
0,0,0,0,0,0,0,0,0,9.1,1.6,0,0.4,3.8,0,0,0,0,0,synth_benign_0033,benign_synth_0033.exe
0,0,0,0,0,0,0,0,0,5.6,2.0,0.7,0,4.9,0,0,0,1,0,synth_benign_0159,benign_synth_0159.exe
1,1,1,1,1,0,1,0,1,22.8,17.9,11.9,6.2,21.7,1,0,0,3,1,synth_ransom_0208,ransom_synth_0208.exe
1,1,0,1,1,1,1,1,1,19.6,15.6,15.7,12.1,17.5,1,0,1,2,1,synth_ransom_0171,ransom_synth_0171.exe
0,0,0,0,0,0,0,0,1,7.9,2.9,0.0,0,6.7,0,0,0,1,0,synth_benign_0236,benign_synth_0236.exe
0,0,0,0,0,0,0,0,0,5.5,3.4,0.5,0.4,5.2,0,0,0,0,0,synth_benign_0103,benign_synth_0103.exe
0,0,0,0,1,0,0,0,0,4.1,0.4,0.7,0.5,5.8,0,1,0,0,0,synth_benign_0010,benign_synth_0010.exe
1,1,1,0,1,0,0,1,1,29.6,19.9,20.0,5.9,23.1,0,1,1,4,1,synth_ransom_0167,ransom_synth_0167.exe
0,0,0,0,0,0,0,0,0,11.0,1.8,0.2,0.3,4.1,0,0,0,1,0,synth_benign_0259,benign_synth_0259.exe
1,1,1,1,1,0,1,0,1,27.4,20.9,14.0,7.5,24.4,1,1,0,5,1,synth_ransom_0073,ransom_synth_0073.exe
1,1,1,1,1,0,0,0,1,23.6,19.4,9.2,12.3,19.5,0,1,0,2,1,synth_ransom_0144,ransom_synth_0144.exe
0,0,0,0,0,0,0,0,0,6.6,1.0,0.5,0.4,4.4,0,0,0,1,0,synth_benign_0148,benign_synth_0148.exe
1,1,1,1,1,0,0,0,1,15.5,17.5,18.2,15.6,8.9,0,1,1,2,1,synth_ransom_0218,ransom_synth_0218.exe
0,0,0,0,0,0,0,0,0,1.2,0.7,0.4,0.1,5.6,0,0,0,0,0,synth_benign_0256,benign_synth_0256.exe
0,1,1,1,1,1,0,0,1,18.4,19.2,23.0,11.3,6.8,1,1,1,1,1,synth_ransom_0036,ransom_synth_0036.exe
1,1,1,1,1,1,0,1,1,25.4,18.6,15.2,13.9,18.8,1,1,1,3,1,synth_ransom_0212,ransom_synth_0212.exe
0,0,0,0,0,0,0,1,0,12.0,1.0,0.6,0,3.6,0,0,0,1,0,synth_benign_0048,benign_synth_0048.exe
0,0,0,0,0,0,0,0,0,2.1,1.7,0.2,0.3,4.5,0,0,0,1,0,synth_benign_0121,benign_synth_0121.exe
0,0,0,0,1,0,0,0,1,5.4,2.1,0.6,0,4.8,0,0,0,1,0,synth_benign_0124,benign_synth_0124.exe
1,1,1,0,1,0,1,1,1,23.3,21.2,13.6,12.6,18.3,1,1,1,2,1,synth_ransom_0190,ransom_synth_0190.exe
1,1,1,1,1,1,1,0,1,29.7,17.2,10.6,12.9,19.5,0,1,0,1,1,synth_ransom_0292,ransom_synth_0292.exe
0,0,0,0,1,0,0,0,0,4.6,3.6,0,0.5,7.6,0,0,1,0,0,synth_benign_0278,benign_synth_0278.exe
1,1,1,1,1,0,1,1,1,19.1,22.5,23.3,13.8,4.4,1,1,1,3,1,synth_ransom_0104,ransom_synth_0104.exe
1,1,1,0,1,1,0,0,0,14.1,21.2,12.6,12.7,11.5,1,1,0,3,1,synth_ransom_0121,ransom_synth_0121.exe
0,0,0,1,0,0,0,0,0,9.7,2.4,0.5,0,3.9,0,0,0,0,0,synth_benign_0208,benign_synth_0208.exe
1,1,1,1,1,1,0,0,0,15.3,18.1,8.8,11.7,18.9,0,1,1,4,1,synth_ransom_0261,ransom_synth_0261.exe
1,1,1,1,1,1,1,0,1,24.3,24.4,20.9,14.9,16.2,1,1,1,2,1,synth_ransom_0057,ransom_synth_0057.exe
1,0,1,1,1,1,1,0,1,29.2,24.5,13.6,9.5,11.0,1,0,1,2,1,synth_ransom_0227,ransom_synth_0227.exe
1,1,1,1,1,0,1,1,0,18.5,17.2,7.6,9.5,13.0,0,1,1,1,1,synth_ransom_0259,ransom_synth_0259.exe
0,0,0,0,0,0,0,0,0,8.0,3.5,0.3,0,3.4,0,0,0,1,0,synth_benign_0224,benign_synth_0224.exe
1,1,1,1,1,0,0,1,1,27.8,16.5,5.8,5.8,8.2,1,0,1,3,1,synth_ransom_0055,ransom_synth_0055.exe
1,0,1,1,1,1,1,0,0,22.5,22.5,9.5,8.0,12.4,1,1,0,1,1,synth_ransom_0179,ransom_synth_0179.exe
1,1,1,1,1,0,1,0,1,23.3,16.4,15.5,10.8,14.3,1,1,1,4,1,synth_ransom_0240,ransom_synth_0240.exe
1,1,1,0,1,1,1,0,1,29.1,27.2,10.7,11.2,15.6,1,0,1,3,1,synth_ransom_0045,ransom_synth_0045.exe
0,0,0,0,0,0,0,0,0,8.9,2.7,0.2,0,1.2,0,0,0,0,0,synth_benign_0061,benign_synth_0061.exe
1,1,0,1,1,0,1,1,1,25.5,17.6,8.2,10.7,13.7,0,1,1,1,1,synth_ransom_0016,ransom_synth_0016.exe
1,1,1,1,1,1,1,1,0,17.5,6.7,5.9,7.4,17.0,1,0,1,3,1,synth_ransom_0263,ransom_synth_0263.exe
0,0,0,0,0,0,0,0,0,7.0,1.5,0.6,0,5.5,0,0,0,1,0,synth_benign_0233,benign_synth_0233.exe
0,1,0,1,1,1,1,0,1,31.0,24.1,9.4,12.8,7.9,0,0,0,5,1,synth_ransom_0062,ransom_synth_0062.exe
1,1,1,0,1,1,1,0,1,25.5,15.0,13.2,8.2,19.2,1,1,0,2,1,synth_ransom_0233,ransom_synth_0233.exe
1,1,1,1,1,0,0,1,0,20.1,18.4,8.5,8.5,10.6,1,1,1,3,1,synth_ransom_0042,ransom_synth_0042.exe
0,0,0,1,0,0,0,0,0,3.3,2.5,0.6,0,5.9,0,0,0,1,0,synth_benign_0024,benign_synth_0024.exe
0,0,0,0,0,0,0,0,0,4.5,1.5,0,0.6,2.5,0,0,0,0,0,synth_benign_0250,benign_synth_0250.exe
0,0,0,0,0,0,0,0,0,12.0,1.0,0.8,0,5.1,0,0,0,1,0,synth_benign_0218,benign_synth_0218.exe
1,0,1,1,0,0,1,1,1,28.6,24.0,11.9,8.0,11.2,1,0,1,5,1,synth_ransom_0188,ransom_synth_0188.exe
0,0,0,0,0,0,0,1,0,3.1,0,0.1,0.1,3.1,0,1,0,1,0,synth_benign_0264,benign_synth_0264.exe
1,1,1,1,1,1,0,1,1,25.3,10.0,14.5,8.8,10.5,0,1,1,5,1,synth_ransom_0117,ransom_synth_0117.exe
1,0,0,1,1,0,1,0,1,14.6,22.6,20.8,11.0,9.0,1,1,1,5,1,synth_ransom_0238,ransom_synth_0238.exe
1,1,1,0,1,1,1,1,1,5.2,10.9,10.9,17.0,13.8,1,1,0,1,1,synth_ransom_0050,ransom_synth_0050.exe
1,1,1,1,0,1,0,0,1,29.3,24.2,13.0,15.2,16.2,0,1,1,5,1,synth_ransom_0150,ransom_synth_0150.exe
0,1,1,1,1,1,1,1,1,11.2,24.8,12.8,7.0,10.6,0,1,1,3,1,synth_ransom_0178,ransom_synth_0178.exe
1,1,1,0,1,0,0,0,1,14.3,19.6,16.0,9.3,22.5,0,1,1,3,1,synth_ransom_0232,ransom_synth_0232.exe
1,1,1,0,1,0,1,0,1,16.7,23.7,25.0,11.4,13.8,0,0,1,1,1,synth_ransom_0130,ransom_synth_0130.exe
0,0,0,0,0,0,0,0,0,9.7,1.2,0.6,0.8,4.7,0,0,0,0,0,synth_benign_0206,benign_synth_0206.exe
1,1,1,1,1,1,0,1,1,30.6,16.1,20.9,8.3,14.9,1,1,1,3,1,synth_ransom_0265,ransom_synth_0265.exe
0,1,1,1,1,1,1,1,1,19.5,23.6,13.8,9.3,14.2,0,1,1,2,1,synth_ransom_0282,ransom_synth_0282.exe
1,1,1,0,1,0,1,0,1,16.0,25.5,12.5,12.2,12.0,1,1,0,5,1,synth_ransom_0264,ransom_synth_0264.exe
1,1,1,0,1,0,1,0,1,23.5,19.1,10.5,6.0,11.9,1,1,0,5,1,synth_ransom_0184,ransom_synth_0184.exe
0,0,0,0,0,0,0,0,0,7.6,2.1,0.3,0.3,0.6,0,0,0,0,0,synth_benign_0151,benign_synth_0151.exe
1,1,1,1,1,0,1,1,1,30.8,22.2,14.2,9.4,18.6,1,1,1,4,1,synth_ransom_0065,ransom_synth_0065.exe
0,0,0,0,0,0,0,0,0,0,3.4,1.2,0,4.6,0,0,0,1,0,synth_benign_0021,benign_synth_0021.exe
1,0,0,1,1,1,1,1,1,17.0,25.0,7.6,3.6,18.1,0,1,1,5,1,synth_ransom_0283,ransom_synth_0283.exe
1,0,1,1,1,0,1,1,1,15.4,20.3,9.8,13.2,17.6,1,0,1,3,1,synth_ransom_0081,ransom_synth_0081.exe
1,1,1,0,1,1,1,0,1,28.1,21.6,11.9,9.9,18.1,1,1,0,4,1,synth_ransom_0059,ransom_synth_0059.exe
1,0,0,1,0,0,0,0,0,0.6,3.1,0.1,0,0.6,0,1,1,1,0,synth_benign_0118,benign_synth_0118.exe
0,1,0,1,1,0,1,0,1,11.0,17.3,10.4,5.2,17.9,1,1,1,2,1,synth_ransom_0223,ransom_synth_0223.exe
0,0,0,0,0,0,0,0,0,3.1,1.9,0,0,3.5,0,0,0,0,0,synth_benign_0191,benign_synth_0191.exe
0,0,0,0,0,0,0,1,0,4.6,0.5,0,0,0,0,0,0,1,0,synth_benign_0067,benign_synth_0067.exe
1,0,0,1,1,1,1,0,1,23.6,18.8,10.1,11.1,13.7,1,1,1,1,1,synth_ransom_0037,ransom_synth_0037.exe
0,0,0,0,0,0,0,0,0,6.3,1.3,0.0,0.4,3.9,0,0,0,0,0,synth_benign_0177,benign_synth_0177.exe
1,1,1,1,1,1,1,1,1,27.4,16.3,5.8,7.0,14.3,1,1,1,4,1,synth_ransom_0009,ransom_synth_0009.exe
0,0,0,0,0,0,0,0,0,10.5,2.8,0.2,0,3.1,1,0,0,0,0,synth_benign_0150,benign_synth_0150.exe
1,1,1,1,1,0,0,0,0,20.9,18.9,16.9,13.2,21.2,0,1,1,2,1,synth_ransom_0017,ransom_synth_0017.exe
0,0,0,0,0,0,0,0,0,2.6,2.2,0.3,0.5,3.2,0,0,0,1,0,synth_benign_0173,benign_synth_0173.exe
0,0,0,0,0,0,0,0,0,11.8,1.9,0.9,1.1,0,0,0,0,0,0,synth_benign_0154,benign_synth_0154.exe
1,1,1,0,1,1,1,0,1,14.1,16.5,18.3,8.7,8.0,1,0,0,3,1,synth_ransom_0183,ransom_synth_0183.exe
1,0,1,0,1,1,1,1,0,33.0,10.8,13.0,14.2,18.5,0,1,1,5,1,synth_ransom_0270,ransom_synth_0270.exe
0,0,0,0,0,0,0,0,0,5.9,1.3,0.1,0.5,3.3,0,0,0,0,0,synth_benign_0028,benign_synth_0028.exe
0,0,0,0,1,0,0,0,1,4.1,3.7,0.0,0.3,0.9,0,0,0,0,0,synth_benign_0014,benign_synth_0014.exe
1,1,1,0,1,0,1,1,1,26.5,14.1,9.6,7.7,22.5,1,1,1,4,1,synth_ransom_0127,ransom_synth_0127.exe
1,0,0,1,1,1,1,0,1,12.4,15.8,19.0,10.4,6.2,1,0,1,2,1,synth_ransom_0012,ransom_synth_0012.exe
1,1,1,1,1,1,1,0,1,13.4,19.9,15.8,7.8,18.1,1,1,0,4,1,synth_ransom_0256,ransom_synth_0256.exe
1,1,1,1,1,1,1,1,1,22.0,25.4,10.1,8.7,13.5,1,1,1,5,1,synth_ransom_0275,ransom_synth_0275.exe
0,0,0,0,0,0,0,0,0,5.3,2.1,1.0,0.4,1.6,0,0,0,1,0,synth_benign_0070,benign_synth_0070.exe
0,0,0,0,0,0,0,0,0,5.5,1.3,0.3,0.1,0,0,0,0,1,0,synth_benign_0271,benign_synth_0271.exe
1,1,1,0,1,1,1,0,1,31.3,20.7,15.0,7.2,23.8,1,1,1,3,1,synth_ransom_0039,ransom_synth_0039.exe
0,0,0,0,0,0,0,0,0,6.0,2.9,0,0,3.4,0,0,0,0,0,synth_benign_0104,benign_synth_0104.exe
0,0,0,0,0,0,0,1,0,6.4,2.3,1.3,0.4,5.1,0,0,1,0,0,synth_benign_0045,benign_synth_0045.exe
0,0,0,0,0,0,0,0,0,6.3,1.3,0,0.4,4.8,0,0,0,0,0,synth_benign_0002,benign_synth_0002.exe
0,0,0,0,0,0,0,0,0,4.7,1.6,0.5,0.2,4.3,0,0,0,1,0,synth_benign_0255,benign_synth_0255.exe
1,1,0,0,1,1,1,1,1,28.7,19.0,12.6,9.8,21.9,1,1,1,2,1,synth_ransom_0255,ransom_synth_0255.exe
1,1,1,0,1,1,1,0,1,29.9,16.4,12.9,4.7,34.4,0,1,0,5,1,synth_ransom_0087,ransom_synth_0087.exe
1,0,1,1,1,1,1,0,0,19.5,17.6,13.1,5.0,17.9,1,0,1,5,1,synth_ransom_0280,ransom_synth_0280.exe
1,1,1,1,1,1,0,1,1,23.4,14.0,21.8,8.2,19.0,1,1,1,1,1,synth_ransom_0287,ransom_synth_0287.exe
0,0,1,1,1,0,1,0,1,18.0,24.3,9.8,10.4,19.4,1,1,0,3,1,synth_ransom_0015,ransom_synth_0015.exe
1,1,1,1,1,1,1,1,1,27.3,13.3,12.1,5.3,16.5,0,0,1,2,1,synth_ransom_0135,ransom_synth_0135.exe
0,1,0,0,1,1,0,1,1,30.4,10.0,15.8,11.3,12.3,1,1,0,4,1,synth_ransom_0243,ransom_synth_0243.exe
0,0,0,0,0,0,0,0,0,5.4,0.2,0.2,0.1,4.8,0,0,0,0,0,synth_benign_0178,benign_synth_0178.exe
0,0,0,0,1,0,0,0,0,2.7,2.4,0.8,0.3,4.1,0,0,0,0,0,synth_benign_0090,benign_synth_0090.exe
1,1,1,0,0,0,1,0,0,30.0,19.4,23.2,5.3,17.2,0,1,0,2,1,synth_ransom_0166,ransom_synth_0166.exe
1,0,1,1,1,0,1,0,1,18.7,7.5,8.6,9.4,18.8,0,1,0,1,1,synth_ransom_0266,ransom_synth_0266.exe
0,0,0,0,0,0,0,0,0,5.9,1.5,0.5,0.1,3.5,0,0,0,0,0,synth_benign_0231,benign_synth_0231.exe
0,0,0,0,0,0,0,0,1,4.6,1.6,0,0.0,3.7,0,0,0,1,0,synth_benign_0134,benign_synth_0134.exe
0,0,0,0,0,0,0,0,0,4.9,2.6,0,0,5.7,0,0,0,1,0,synth_benign_0174,benign_synth_0174.exe
0,0,0,0,0,0,0,0,0,9.1,1.9,0.9,0.5,3.6,0,0,0,0,0,synth_benign_0247,benign_synth_0247.exe
1,1,1,1,1,1,1,0,1,24.5,10.7,22.2,5.5,13.8,0,1,1,5,1,synth_ransom_0294,ransom_synth_0294.exe
0,0,0,0,0,0,0,0,0,2.0,0,0.3,0.4,5.6,0,0,0,1,0,synth_benign_0097,benign_synth_0097.exe
0,0,0,0,0,0,0,0,0,8.2,2.2,0.5,0.3,6.1,0,0,0,1,0,synth_benign_0266,benign_synth_0266.exe
1,0,1,1,1,1,1,0,1,33.3,17.7,9.9,9.2,19.5,0,1,1,3,1,synth_ransom_0111,ransom_synth_0111.exe
1,0,1,1,1,1,1,1,1,19.4,19.2,18.0,10.3,11.7,1,1,1,5,1,synth_ransom_0058,ransom_synth_0058.exe
0,0,0,1,0,0,0,0,0,7.2,1.1,0.5,0,4.0,1,0,0,0,0,synth_benign_0137,benign_synth_0137.exe
0,0,0,0,0,0,0,0,0,6.8,2.4,0,0.1,8.5,0,0,0,1,0,synth_benign_0144,benign_synth_0144.exe
0,0,0,0,0,0,0,0,0,4.2,1.1,0.3,0.0,7.1,0,0,0,1,0,synth_benign_0049,benign_synth_0049.exe
1,0,0,0,1,0,1,0,1,11.1,22.4,15.3,11.1,13.4,1,0,1,4,1,synth_ransom_0028,ransom_synth_0028.exe
1,1,1,1,1,0,1,1,1,9.9,16.9,9.5,7.0,16.5,1,0,1,1,1,synth_ransom_0221,ransom_synth_0221.exe
0,0,1,1,1,1,0,1,1,28.4,12.5,9.5,10.9,12.1,1,1,1,2,1,synth_ransom_0268,ransom_synth_0268.exe
0,0,0,0,0,0,0,0,0,7.0,1.0,0.5,0.1,4.3,0,0,0,1,0,synth_benign_0044,benign_synth_0044.exe
1,1,0,1,1,1,1,1,1,18.7,22.9,21.0,11.2,9.4,0,1,0,5,1,synth_ransom_0026,ransom_synth_0026.exe
0,0,0,0,0,0,0,0,0,5.7,2.2,1.2,0.4,2.1,1,0,0,0,0,synth_benign_0056,benign_synth_0056.exe
0,0,0,0,0,0,0,0,0,7.7,2.2,0.9,0.3,2.6,0,0,0,1,0,synth_benign_0254,benign_synth_0254.exe
1,1,1,0,1,0,1,1,1,21.4,14.1,18.5,4.5,24.8,1,1,1,4,1,synth_ransom_0032,ransom_synth_0032.exe
